id,econmon,type,tag,diagram,prompt_en,prompt_zh,options_en,options_zh,items_en,items_zh,answer,hint_en,hint_zh,explain_en,explain_zh
wantlet-01,wantlet,tf,,,"As long as a person is rich enough, all of his wants will be satisfied.",只要一個人夠有錢，佢嘅 wants 就會全部被滿足。,,,,,F,"Once one want is satisfied, does a new one appear?",滿足咗一個 want 之後，會唔會又有新嘅 want？,"When one want is satisfied, new wants appear – like a hermit crab that finds a bigger shell and then wants an even bigger one.",滿足咗一個 want，又會有新嘅 want。就好似寄居蟹換咗大殼，又想要更大嘅。
wantlet-02,wantlet,tf,,,Time and land are both limited resources.,時間同土地都係 limited resources。,,,,,T,How many hours does everyone have in a day?,每人每日有幾多個鐘？,"Everyone has only 24 hours a day, and flat land in Tai O is limited too.",每人每日只有 24 小時，大澳嘅平地亦都有限。
wantlet-03,wantlet,mc,,,The core of economics is the study of:,Economics 研究嘅核心係：,how to earn the most money|how to allocate limited resources to satisfy unlimited wants|how to manage shares|how to reduce wants,點樣賺最多錢|點樣分配有限資源去滿足無限 wants|點樣管理股票|點樣減少 wants,,,B,Think about the words 'limited' and 'unlimited'.,諗吓「有限」同「無限」兩個字。,Economics studies how individuals and organisations make choices about the allocation of limited resources to satisfy unlimited wants.,經濟學研究個人同機構點樣分配有限資源去滿足無限 wants。
wantlet-04,wantlet,mc,,,Which example best shows that wants are unlimited?,邊個例子最能說明 wants 係無限？,"A hermit crab gets a bigger shell, then wants an even bigger one|After a full meal, a person has no wants at all|A fisherman who has caught enough fish wants nothing else|Rich people never need to make choices",寄居蟹換咗大殼之後又想要更大嘅殼|一個人食飽飯就唔再有任何 wants|漁民捉夠魚就唔想要其他嘢|有錢人唔使做選擇,,,A,In which example does a new want appear after one is satisfied?,邊個例子入面，滿足咗之後又出現新嘅想要？,The other options assume wants can run out. A full person stops wanting food but still wants other things.,其他選項都假設 wants 會完。食飽咗唔想食，但仲會想要其他嘢。
wantlet-05,wantlet,fill,,,Economics studies how people make choices about the allocation of ____ resources to satisfy ____ wants.,經濟學研究人點樣分配 ① 嘅資源去滿足 ② 嘅 wants。,limited|unlimited|free|equal,有限|無限|免費|相等,,,limited|unlimited,"Which is limited, resources or wants?",資源同 wants，邊樣有限、邊樣無限？,"The starting point of the subject: resources are limited, wants are unlimited.",整個科目嘅起點：資源有限，wants 無限。
wantlet-06,wantlet,fill,,,"A Tai O salt worker has only 24 hours a day, so time is a ____ resource.",大澳鹽工每日只有 24 小時，時間係一種 ① resource。,limited|free|unlimited|public,有限|免費|無限|公共,,,limited,"If time is spent drying salt, can it also be spent mending nets?",時間用咗喺曬鹽，仲可唔可以同時用喺補網？,Time used for one thing cannot be used for something else at the same time.,時間用咗喺一樣嘢，就唔可以同時用喺其他嘢上面。
wantlet-07,wantlet,sort,,,Sort the cards:,將卡片分類：,wants|resources,想要|資源,wanting a motorised boat|fishing nets|salt pans|wanting to move to the city|salt workers' labour|wanting to eat yellow croaker,想買機動船|漁網|鹽田|想搬出市區住|鹽工嘅勞力|想食黃花魚,1|2|2|1|2|1,"Is it something people want, or a tool used to produce?",「想要」定係「用嚟做嘢嘅工具」？,Wants are what people desire; resources are the tools used to satisfy wants.,Wants 係「想要」，resources 係用嚟滿足 wants 嘅工具。
wantlet-08,wantlet,mc,,,Studying how one salt worker decides whether to dry salt or go fishing belongs to:,研究一個鹽工點決定曬鹽定打魚，屬於：,microeconomics|macroeconomics|neither|both,微觀經濟學|宏觀經濟學|兩者都唔係|兩者都係,,,A,Is it about one person or the whole economy?,研究嘅係一個人，定係成個經濟體？,Microeconomics studies how individual economic units make decisions.,Microeconomics 研究個別經濟單位點樣做決定。
wantlet-09,wantlet,tf,,,"Once Tai O residents have tap water, they will have no other wants.",大澳居民有咗自來水之後，就唔會再有其他 wants。,,,,,F,"After getting water, will they want other things?",有咗食水之後，佢哋會唔會想要其他嘢？,One want being satisfied does not end the others – wants are unlimited.,一個 want 被滿足，其他 wants 仍然存在，wants 係無限嘅。
wantlet-10,wantlet,mc,,,Which of the following is NOT a resource?,以下邊樣唔係 resource？,salt workers' labour|a fishing boat|the wish to travel|salt pans,鹽工嘅勞力|漁船|想去旅行嘅願望|鹽田,,,C,Which one is a 'want' rather than something used to produce?,邊一樣係「想要」，唔係用嚟生產嘅嘢？,"The wish to travel is a want, not a resource.",想去旅行係 want，唔係 resource。
wantlet-11,wantlet,sort,,,Limited or unlimited?,「limited」定「unlimited」？,limited|unlimited,有限|無限,hours in a day|human wants|area of salt pans|fishermen's energy,一日嘅時間|人嘅 wants|鹽田面積|漁民嘅體力,1|2|1|1,Which one will never be fully satisfied?,邊一樣永遠唔會有滿足晒嘅一日？,Only wants are unlimited; everything else is a limited resource.,只有 wants 係無限，其他全部係有限資源。
wantlet-12,wantlet,fill,,,"Wants are ____, but resources are ____.",Wants 係 ①，但資源係 ②。,unlimited|limited|free|equal,無限|有限|免費|相等,,,unlimited|limited,These are the two ingredients of scarcity.,呢句就係 scarcity 嘅兩個成分。,Unlimited wants plus limited resources together create scarcity.,Wants 無限、資源有限，兩者一齊先產生 scarcity。
wantlet-S1,wantlet,mc,scen,,"(Fictional) Kelly, an office worker in Mong Kok, gets a pay rise and buys the new phone she wanted. A month later she wants a bigger flat. This best shows that:",（虛構）喺旺角返工嘅 Kelly 加咗人工，買咗佢一直想要嘅新手機。一個月之後，佢又想搬去大啲嘅單位。呢件事最能說明：,human wants are unlimited|Kelly's resources are unlimited|a pay rise removes all wants|phones are free goods,人嘅 wants 係無限嘅|Kelly 嘅 resources 係無限嘅|加人工會令所有 wants 消失|手機係 free good,,,A,"After one want was satisfied, what happened next?",一個 want 被滿足咗之後，跟住發生咗咩事？,"When one want is satisfied, a new want appears, so wants are unlimited even when income rises.",滿足咗一個 want，又會出現新嘅 want，所以就算收入增加，wants 都係無限嘅。
wantlet-S2,wantlet,sort,scen,,(Fictional) The Wong family runs a small restaurant in Tai O. Sort each card:,（虛構）黃家喺大澳開咗間細餐廳。將卡片分類：,wants|limited resources,wants|limited resources,"wanting to open a second branch in Tung Chung|the cook's working hours|the shop space in their stilt house|wanting air-conditioning for customers|their savings of $50,000","想喺東涌開分店|廚師嘅工作時間|棚屋入面嘅舖位|想為客人裝冷氣|佢哋 $50,000 嘅積蓄",1|2|2|1|2,"Is it something they desire, or something they can use to produce?",係佢哋「想要」嘅嘢，定係可以用嚟生產嘅嘢？,"Wants are desires; time, space and money are limited resources used to satisfy them.",Wants 係想要嘅嘢；時間、空間同金錢係用嚟滿足 wants 嘅 limited resources。
wantlet-S3,wantlet,fill,scen,,"(Fictional) The Chan family in Sha Tin earns $10,000 a month. They want to spend $6,000 on rent, $3,000 on food and $2,500 on tutoring. Their wants exceed their income by $____, so their money is ____.","（虛構）住沙田嘅陳家每月收入 $10,000。佢哋想用 $6,000 交租、$3,000 買餸、$2,500 補習。佢哋嘅 wants 比收入多出 $①，所以佢哋嘅錢係 ②。",1500|500|limited|unlimited,1500|500|limited|unlimited,,,1500|limited,"Add up what they want to spend, then compare with income.",將佢哋想使嘅錢加埋，再同收入比較吓？,"6,000 + 3,000 + 2,500 = 11,500, which is 1,500 more than income: resources (money) are limited relative to wants.","6,000 + 3,000 + 2,500 = 11,500，比收入多 1,500：相對 wants 嚟講，resources（錢）係有限嘅。"
wantlet-S4,wantlet,tf,scen,,"(Fictional) Mr Lau, a banker in Central, earns $5 million a year. He therefore faces no limited resources.",（虛構）喺中環做銀行嘅劉生每年賺 $500 萬，所以佢冇任何 limited resources。,,,,,F,How many hours does Mr Lau have in a day?,劉生每日有幾多個鐘？,"Even a rich person has limited resources such as time (24 hours a day), so wants still exceed resources.",有錢人都有 limited resources，例如時間（每日 24 小時），所以 wants 仍然多過 resources。
wantlet-S5,wantlet,mc,scen,,"(Fictional) A Tung Chung secondary school has one hall. The drama club, the basketball team and the choir all want to use it every Friday afternoon. The basic problem here is that:",（虛構）東涌一間中學得一個禮堂。戲劇學會、籃球隊同合唱團都想每個禮拜五下晝用。呢度嘅基本問題係：,the clubs have too few wants|the hall is a limited resource but wants for it are many|the hall is a free good|the school has unlimited resources,啲學會嘅 wants 太少|禮堂係 limited resource，但想用佢嘅 wants 好多|禮堂係 free good|學校有無限 resources,,,B,Can the hall be used by all three clubs at the same time?,三個學會可唔可以同一時間用個禮堂？,"The hall (and the time slot) is limited while the wants to use it are many, so not all wants can be satisfied.",禮堂（同時段）有限，但想用嘅 wants 好多，所以唔可以滿足晒所有 wants。
scarcroaker-01,scarcroaker,tf,,,Scarcity means that the quantity of a resource is very small.,Scarcity 即係資源數量好少。,,,,,F,Can a large amount of resources still be insufficient for unlimited wants?,資源好多，會唔會都唔夠滿足無限 wants？,Scarcity is relative: resources are insufficient to satisfy unlimited wants. Plentiful resources can still be scarce.,Scarcity 係相對嘅：資源唔夠滿足無限 wants。資源多都可以 scarce。
scarcroaker-02,scarcroaker,tf,,,Rich societies also face scarcity.,富裕社會都有 scarcity。,,,,,T,Do the wants of a rich society ever end?,富裕社會嘅 wants 會唔會有盡頭？,Every society has unlimited wants.,任何社會嘅 wants 都無限。
scarcroaker-03,scarcroaker,mc,,,"Tai O's yellow croaker catch was 10,920 piculs in 1954 and fell to 402 piculs in 1958. Which statement is most accurate?","大澳黃花魚漁獲 1954 年係 10,920 擔，1958 年跌到 402 擔。邊句最準確？","Scarcity only appeared in 1958|There were many fish in 1954, so there was no scarcity|Both years had scarcity; in 1958 resources were even less able to satisfy wants|Scarcity has nothing to do with the catch",scarcity 只係 1958 年先出現|1954 年魚多，所以冇 scarcity|兩年都有 scarcity，1958 年資源更加唔夠滿足 wants|scarcity 同漁獲無關,,,C,"In 1954, were there enough fish to satisfy everyone's unlimited wants?",1954 年魚多，夠唔夠滿足所有人無限嘅 wants？,"Even with many fish, wants are unlimited, so both years had scarcity. Figures: Tai O Heritage Hotel, 'History of Tai O'.",就算魚多，wants 都無限，所以兩年都有 scarcity。數字來源：大澳文物酒店「大澳往昔」。
scarcroaker-04,scarcroaker,mc,,,Scarcity directly leads to:,Scarcity 會直接導致：,choice|free goods|unlimited resources|no opportunity cost,選擇|免費物品|無限資源|冇機會成本,,,A,"If resources are not enough, what must you do?",資源唔夠用，你要做啲咩？,With insufficient resources we must choose. Scarcity also leads to competition (Ch.2).,資源唔夠，就要揀。Scarcity 亦導致 competition（Ch.2）。
scarcroaker-05,scarcroaker,fill,,,Scarcity arises when ____ resources are ____ to satisfy unlimited human wants.,當 ① 嘅資源 ② 滿足無限嘅人類 wants，就出現 scarcity。,limited|insufficient|sufficient|unlimited,有限|不足以|足以|無限,,,limited|insufficient,Resources are limited – are they enough or not?,資源有限，夠定唔夠？,This is the textbook glossary definition.,課本 glossary 定義。
scarcroaker-06,scarcroaker,fill,,,"Because of scarcity, people must make a ____; after that there is always an ____.",因為 scarcity，人要做 ①；做咗之後就一定有 ②。,choice|opportunity cost|interest|discrimination,選擇|機會成本|利息|歧視,,,choice|opportunity cost,Not enough → must choose → choosing means giving something up.,資源唔夠 → 要揀 → 揀咗就要放棄。,Scarcity → choice → opportunity cost.,Scarcity → choice → opportunity cost。
scarcroaker-07,scarcroaker,order,,,Put in order:,排次序：,,,unlimited wants + limited resources|scarcity|choice|opportunity cost,無限 wants 加有限資源|稀少性|選擇|機會成本,,Go from cause to result.,由原因排到結果。,Each step is the result of the one before.,每一步都係上一步嘅結果。
scarcroaker-08,scarcroaker,mc,,,Which situation does NOT involve scarcity?,邊個情況唔涉及 scarcity？,A fisherman choosing between fishing and mending nets|Allocating supply hours during water rationing|The air you breathe freely by the sea|Using a plot of land for salt or for vegetables,漁民揀出海定補網|制水時分配供水時間|海邊隨便呼吸嘅空氣|一塊地用嚟曬鹽定種菜,,,C,Which one is available in large enough quantity for everyone?,邊一樣嘅數量夠晒所有人用？,Air is sufficient to satisfy everyone – it is a free good.,空氣數量夠滿足所有人，係 free good。
scarcroaker-09,scarcroaker,tf,,,"If something costs no money, it cannot be scarce.",如果一樣嘢唔使錢，佢就一定唔 scarce。,,,,,F,Were free masks enough for everyone who wanted them?,免費派嘅口罩，夠唔夠所有人想要嘅數量？,"Scarcity depends on whether the quantity satisfies wants, not on the price.",Scarce 與否睇數量夠唔夠滿足 wants，唔係睇收唔收錢。
scarcroaker-10,scarcroaker,mc,,,"When the yellow croaker catch collapsed in 1958, the most direct effect on Tai O fishermen was:",1958 年黃花魚漁獲大跌，對大澳漁民最直接嘅影響係：,"they had to make more trade-offs, e.g. catch other fish or change jobs|scarcity disappeared|yellow croaker became a free good|they no longer needed to choose",要作出更多取捨，例如轉捕其他魚或者轉行|scarcity 消失|黃花魚變成 free good|唔再需要做選擇,,,A,"With fewer resources, are there more or fewer hard choices?",資源更少，選擇會多咗定少咗？,"With even fewer resources, fishermen must make new choices.",資源更加唔夠，漁民要重新作出 choice。
scarcroaker-11,scarcroaker,tf,,,Scarcity is the reason economics exists.,Scarcity 係經濟學存在嘅原因。,,,,,T,"If resources were unlimited, would we need to study allocation?",如果資源無限，仲需唔需要研究點分配？,Without scarcity there would be no need to study how to allocate resources.,冇 scarcity，就唔需要研究點樣分配資源。
scarcroaker-12,scarcroaker,sort,,,Scarce or not scarce?,「scarce」定「not scarce」？,scarce|not scarce,稀少|唔稀少,yellow croaker|seawater in the ocean|salt pans|fishermen's time|air,黃花魚|大海嘅海水|鹽田|漁民嘅時間|空氣,1|2|1|1|2,Is the quantity enough to satisfy everyone's wants?,數量夠唔夠滿足所有人嘅 wants？,Seawater and air are sufficient; the rest cannot satisfy all wants.,海水同空氣數量夠晒，其餘都唔夠滿足所有 wants。
scarcroaker-S1,scarcroaker,mc,scen,,"In 1963, Hong Kong households had water supplied for only 4 hours every 4 days. This best shows that water was:",1963 年，香港家庭每 4 日先有 4 個鐘供水。呢件事最能說明當時嘅水係：,"a free good|scarce, because the quantity available could not satisfy all wants|not wanted by households|unlimited",free good|scarce，因為可用嘅數量唔夠滿足所有 wants|家庭唔想要嘅嘢|無限嘅,,,B,Was there enough water for everyone to use as much as they wanted?,當時啲水夠唔夠畀每個人想用幾多就用幾多？,A good is scarce when the quantity available is insufficient to satisfy all wants; rationing shows water was scarce.,當可用數量唔夠滿足所有 wants，嗰樣嘢就係 scarce；制水正正反映水係 scarce。
scarcroaker-S2,scarcroaker,tf,scen,,"(Fictional) The Tung Chung public library lends books free of charge, so the books are not scarce.",（虛構）東涌公共圖書館免費借書，所以啲書唔係 scarce。,,,,,F,Were resources used to produce the books? Can everyone borrow any book at any time?,啲書係咪用咗 resources 生產？係咪人人隨時都借到想借嘅書？,"Zero price does not mean not scarce: the books use resources and are not enough to satisfy all wants, so they are scarce.",免費唔等於唔 scarce：書要用 resources 生產，數量亦唔夠滿足所有 wants，所以係 scarce。
scarcroaker-S3,scarcroaker,sort,scen,,Scarce good or free good?,Scarce good 定 free good？,scarce good|free good,scarce good|free good,seats on an MTR Tung Chung line train in rush hour|fresh air on a Lantau hilltop|a Ngong Ping 360 cable car ride|a stilt house in Tai O|seawater in the open sea off Tai O,繁忙時間 MTR 東涌綫嘅座位|大嶼山山頂嘅新鮮空氣|坐 Ngong Ping 360 纜車|大澳嘅棚屋|大澳對開大海嘅海水,1|2|1|1|2,Is the quantity enough for everyone's wants without any production cost?,數量係咪夠晒滿足所有人嘅 wants，而且唔使生產成本？,A free good is sufficient to satisfy all wants with no production cost; anything else is scarce.,Free good 嘅數量足夠滿足所有 wants，亦冇生產成本；其餘都係 scarce。
scarcroaker-S4,scarcroaker,fill,scen,,"(Fictional) A Tai O dolphin-watching boat has 20 seats, but 35 tourists want to board. ____ tourists cannot get a seat, which shows ____.",（虛構）大澳一隻睇 Chinese white dolphin 嘅船有 20 個位，但有 35 個遊客想上船。有 ① 個遊客冇位，呢個反映 ②。,15|55|scarcity|a free good,15|55|scarcity|free good,,,15|scarcity,Compare the number of seats with the number of people who want them.,比較吓座位數目同想坐嘅人數？,"35 - 20 = 15. The seats are insufficient to satisfy all wants, so they are scarce.",35 - 20 = 15。座位唔夠滿足所有 wants，所以係 scarcity。
scarcroaker-S5,scarcroaker,mc,scen,,"After Typhoon Hato (2017) flooded Tai O, many shops needed repair workers at the same time. Why could not all shops be repaired at once?",Typhoon Hato（2017）令大澳水浸之後，好多舖頭同一時間要搵維修師傅。點解唔可以一次過維修晒所有舖頭？,repair workers were scarce relative to the wants for repairs|shop owners had no wants|repair work is a free good|floods make resources unlimited,相對維修嘅 wants，維修師傅係 scarce|舖頭老闆冇 wants|維修係 free good|水浸會令 resources 變成無限,,,A,Was the number of workers enough for every shop's wants?,師傅嘅數目夠唔夠滿足每間舖嘅 wants？,"Labour is a limited resource; when wants for it exceed what is available, it is scarce.",勞動力係 limited resource；當 wants 多過可用數量，就係 scarce。
choicefin-01,choicefin,tf,,,Choice is the process of deciding which wants to satisfy and which to give up.,Choice 係決定滿足邊啲 wants、放棄邊啲 wants 嘅過程。,,,,,T,"If you pick one, what happens to the other?",揀咗一樣，另一樣會點？,Glossary: ... given limited resources.,Glossary：given limited resources。
choicefin-02,choicefin,tf,,,"If resources were unlimited, people would not need to make choices.",如果資源無限，人就唔使做 choice。,,,,,T,"Without scarcity, is there any trade-off?",冇 scarcity 仲使唔使取捨？,No scarcity means no need for trade-offs.,冇 scarcity 就冇需要取捨。
choicefin-03,choicefin,mc,,,Which of these is a choice?,邊個係 choice？,A salt worker deciding to dry salt or mend nets today|Rain falling|The tide rising and falling|Yellow croaker swimming away,鹽工決定今日曬鹽定去補網|落雨|潮水漲退|黃花魚游走,,,A,Which one is a human decision?,邊一樣係人嘅決定？,Only human decisions are choices.,只有人嘅決定先係 choice。
choicefin-04,choicefin,mc,,,Why must a salt worker make choices?,點解鹽工要做 choice？,because of scarcity|because the government says so|because salt is a free good|because they like to,因為有 scarcity|因為政府規定|因為鹽係 free good|因為佢哋鍾意,,,A,Are his time and salt pans enough to do everything?,佢嘅時間同鹽田夠唔夠做晒所有嘢？,His time and salt pans are limited.,時間同鹽田有限。
choicefin-05,choicefin,fill,,,"Choice is the process of deciding which wants to ____ and which to ____ up, given limited resources.",Choice 係喺有限資源下，決定 ① 邊啲 wants、② 邊啲 wants 嘅過程。,satisfy|give|create|save,滿足|放棄|創造|儲起,,,satisfy|give,Satisfying some means giving up others.,有滿足，就有放棄。,Every choice satisfies some wants and gives up others.,有滿足就有放棄。
choicefin-06,choicefin,fill,,,"After choosing, the highest-valued option given up is called the ____.",揀咗之後，放棄咗嘅最高價值選項叫 ①。,opportunity cost|money cost|interest|scarcity,機會成本|金錢成本|利息|稀少性,,,opportunity cost,This is the next EconMon's concept.,呢個概念係下一隻 EconMon。,This leads to Oppcostra.,為 Oppcostra 鋪路。
choicefin-07,choicefin,sort,,,Choice or not a choice?,「係 choice」定「唔係 choice」？,a choice|not a choice,係 choice|唔係 choice,a fisherman picking when to go out|a typhoon hitting|parents choosing school or helping at sea for their child|the tide|a tourist choosing salted fish or shrimp paste|the sun shining,漁民揀出海時間|颱風吹襲|家長揀送仔女讀書定出海幫手|潮汐|遊客揀買鹹魚定蝦醬|太陽曬,1|2|1|2|1|2,Which are human decisions and which are nature?,邊啲係人決定，邊啲係大自然？,Natural events are not human decisions.,自然現象唔係人嘅決定。
choicefin-08,choicefin,tf,,,"After choosing something, the options given up have zero value.",揀咗一樣嘢之後，放棄咗嘅選擇價值係零。,,,,,F,"If the other options had no value, would choosing be hard?",如果放棄咗嘅選擇冇價值，仲會唔會難揀？,The options given up have value – that is why opportunity cost exists.,放棄咗嘅選擇有價值，所以先有 opportunity cost。
choicefin-09,choicefin,mc,,,"As Tai O's salt industry declined in the 1950s–60s, salt workers considered changing jobs. This decision best shows:",1950–1960 年代大澳鹽業式微，鹽工考慮轉行。呢個決定最能說明：,choice|free good|interest|barter,選擇|免費物品|利息|以物易物,,,A,What must workers do among several possible paths?,鹽工要喺幾個出路之間做咩？,Deciding which job to do with limited resources is a choice.,喺有限資源下決定做邊行，就係 choice。
choicefin-10,choicefin,tf,,,Every choice involves an opportunity cost.,每一個 choice 背後都有 opportunity cost。,,,,,T,"When you choose one thing, do you give up something else?",揀咗一樣，有冇放棄其他？,"Having a choice means giving something up, so there is always an opportunity cost.",有得揀就一定有放棄，所以一定有 opportunity cost。
choicefin-11,choicefin,fill,,,Choice arises because of ____.,Choice 嘅出現係因為 ①。,scarcity|interest|money|tradition,稀少性|利息|金錢|傳統,,,scarcity,Why can't we have everything?,點解唔可以樣樣都要？,"Resources are insufficient, so we must choose.",資源唔夠，先要揀。
choicefin-12,choicefin,order,,,Put the steps of making a decision in order:,排出做決定嘅次序：,,,realise resources are not enough|list possible options|compare the value of each option|make the choice,發現資源唔夠|列出可行選項|比較每個選項嘅價值|作出選擇,,"First the problem, then the options, then the choice.",先有問題，再有選項，最後先揀。,Choice starts from scarcity and ends with choosing one and giving up the rest.,Choice 由 scarcity 開始，最後揀一個、放棄其他。
choicefin-S1,choicefin,mc,scen,,"(Fictional) After the MTR Tung Chung line opened in 1998, Ah Keung, a young Tai O fisherman, had to decide whether to work in Tung Chung or keep fishing. Why must he choose?",（虛構）1998 年 MTR 東涌綫開通之後，大澳年輕漁民阿強要決定去東涌返工定繼續打魚。點解佢一定要揀？,because his time is limited and he cannot do both full-time|because the MTR forced him to|because fishing is a free good|because his wants are limited,因為佢時間有限，唔可以兩份都做全職|因為 MTR 逼佢|因為打魚係 free good|因為佢嘅 wants 有限,,,A,Can one person work two full-time jobs at once?,一個人可唔可以同時做兩份全職？,"Choice arises from scarcity: his limited time must be allocated to one use, giving up the other.",Choice 源於 scarcity：佢有限嘅時間只可以用喺一個用途，要放棄另一個。
choicefin-S2,choicefin,mc,scen,,(Fictional) The Hong Kong government has one site in Tung Chung and must decide whether to build public housing or a sports centre on it. This shows that:,（虛構）香港政府喺東涌有一幅地，要決定起公屋定體育館。呢件事說明：,only poor people need to make choices|governments also face scarcity and must make choices|land is a free good|governments have unlimited resources,只有窮人先要做選擇|政府都面對 scarcity，要做選擇|土地係 free good|政府有無限 resources,,,B,Can the same piece of land be used for both at once?,同一幅地可唔可以同時用嚟起兩樣嘢？,"All economic units, including governments, have limited resources, so they must choose.",所有經濟單位，包括政府，都有 limited resources，所以要做選擇。
choicefin-S3,choicefin,sort,scen,,Who is making the choice?,邊個喺度做選擇？,individual or household|firm|government,個人或家庭|firm|政府,(Fictional) a Tai O student chooses between tutoring and a part-time job|(Fictional) a Tai O shrimp paste factory chooses between hiring a worker or buying a machine|(Fictional) the government chooses to spend money on a hospital or a new road|(Fictional) a family chooses to rent a flat in Tung Chung or in Sha Tin|(Fictional) a ferry company chooses which route to run,（虛構）大澳學生揀補習定做兼職|（虛構）大澳蝦醬廠揀請人定買機器|（虛構）政府揀用錢起醫院定起新路|（虛構）一家人揀租東涌定沙田嘅單位|（虛構）渡輪公司揀行邊條航線,1|2|3|1|2,"Is the decision-maker a person, a business or the government?",做決定嘅係一個人、一間公司，定係政府？,"Every economic unit faces scarcity, so individuals, firms and governments all make choices.",每個經濟單位都面對 scarcity，所以個人、firm 同政府都要做選擇。
choicefin-S4,choicefin,fill,scen,,"(Fictional) Mei has $200. A ferry trip costs $50 and a concert ticket costs $180. Together they cost $____, more than she has, so she must make a ____.",（虛構）阿美有 $200。坐一程船要 $50，一張演唱會飛要 $180。兩樣加埋要 $①，多過佢有嘅錢，所以佢要做一個 ②。,230|130|choice|profit,230|130|choice|profit,,,230|choice,Add the two prices and compare with $200.,將兩個價錢加埋，再同 $200 比較吓？,"50 + 180 = 230 > 200. With limited money she cannot have both, so she must choose.",50 + 180 = 230 > 200。錢有限，唔可以兩樣都要，所以要做 choice。
choicefin-S5,choicefin,tf,scen,,"(Fictional) Ah Kit's parents chose his secondary school for him. Since Ah Kit did not decide himself, no choice was made.",（虛構）阿傑嘅父母幫佢揀咗中學。因為唔係阿傑自己決定，所以冇做過任何 choice。,,,,,F,Was one school picked and the others given up? Who decided?,係咪揀咗一間、放棄咗其他？邊個做決定？,"A choice was still made, by the household: one option was selected and the others were given up.",仍然有做 choice，只係由家庭做：揀咗一個選項，放棄咗其他。
oppcostra-01,oppcostra,tf,,,Opportunity cost is the total value of all the options given up.,Opportunity cost 係所有被放棄選擇嘅價值總和。,,,,,F,Could you do all the options you gave up at the same time?,你可唔可以同時做晒所有放棄咗嘅嘢？,Only the highest-valued option forgone counts – you could never do all of them at once.,只計 highest-valued option forgone。你唔可能同時做晒所有放棄咗嘅嘢。
oppcostra-02,oppcostra,tf,,,Opportunity cost does not have to be money.,Opportunity cost 可以唔係金錢。,,,,,T,Do time and enjoyment have value?,時間、享受有冇價值？,"Time, enjoyment and opportunities all have value.",時間、享受、機會都有價值。
oppcostra-03,oppcostra,mc,,,"(Fictional) After school Ming can: help dry salt (worth $30), carry cargo at the pier ($50), or study (he values it at $40). He chooses to study. His opportunity cost is:",（虛構）阿明放學可以：幫屋企曬鹽（值 $30）、去碼頭搬貨（$50）、溫書（佢覺得值 $40）。佢揀咗溫書，opportunity cost 係：,$30|$50|$80|$120,$30|$50|$80|$120,,,B,Which two did he give up? Which is higher?,佢放棄咗邊兩樣？邊樣最高？,"Of the two options given up, carrying cargo ($50) is the highest.",被放棄嘅兩個選項入面，搬貨 $50 最高。
oppcostra-04,oppcostra,mc,,,"Same situation: if Ming chooses to carry cargo, his opportunity cost is:",同一情境，如果阿明揀咗搬貨，opportunity cost 係：,$30|$40|$70|$50,$30|$40|$70|$50,,,B,Which two does he give up this time?,今次放棄咗邊兩樣？,He gives up drying salt ($30) and studying ($40); studying is higher.,放棄嘅係曬鹽 $30 同溫書 $40，最高係溫書。
oppcostra-05,oppcostra,fill,,,Opportunity cost refers to the value of the ____-valued option ____.,Opportunity cost 係指 ① 價值嘅 ② 選項嘅價值。,highest|forgone|lowest|chosen,最高|被放棄|最低|被選擇,,,highest|forgone,"Two keys: highest, and given up.",兩個關鍵：最高、放棄。,Key words: highest and forgone.,兩個關鍵詞：最高、放棄。
oppcostra-06,oppcostra,fill,,,"You chose Oppcostra and gave up Saltling and Tradiphin. If your second favourite is Tradiphin, your opportunity cost is ____.",開場揀咗 Oppcostra，放棄咗 Saltling 同 Tradiphin。如果你第二最想要 Tradiphin，你嘅 opportunity cost 係 ①。,Tradiphin|Saltling|both added together|nothing,Tradiphin|Saltling|兩隻加埋|冇,,,Tradiphin,"Among those given up, which did you want most?",放棄咗嘅入面，你最想要邊隻？,It is the highest-valued option among those given up.,放棄咗嘅選項入面價值最高嗰個。
oppcostra-07,oppcostra,mc,,,In the 1950s a Tai O salt worker decided to keep drying salt instead of working in the city. His opportunity cost is most likely:,1950 年代一個大澳鹽工決定繼續曬鹽，唔出市區打工。佢嘅 opportunity cost 最可能係：,"the money earned from drying salt|the highest-valued option he gave up, e.g. city income and other benefits|the cost of building the salt pans years ago|zero",曬鹽賺嘅錢|佢放棄嘅最高價值選擇，例如市區打工嘅收入同其他得益|當年起鹽田嘅費用|零,,,B,"Is opportunity cost what you chose, or what you gave up?",Opportunity cost 係揀咗嗰樣，定係放棄咗嗰樣？,A is the value of the chosen option; C is a historical cost.,A 係被揀選項嘅價值，C 係 historical cost。
oppcostra-08,oppcostra,sort,,,Counted in opportunity cost or not?,「計入 opportunity cost」定「唔計」？,counted|not counted,計入|唔計,"the highest-valued option forgone|the value of the chosen option|a third, lower-valued option|the salt pan building cost already paid",被放棄嘅最高價值選項|被揀選項本身嘅價值|第三個較低價值選項|已經付咗嘅鹽田建造費,1|2|2|2,Only one fits the definition.,只有一樣符合定義。,None of the other three is the highest-valued option forgone.,其餘三項都唔係「最高價值嘅放棄選項」。
oppcostra-09,oppcostra,tf,,,"If something costs no money, there is no opportunity cost.",如果唔使俾錢，就冇 opportunity cost。,,,,,F,Going to the beach is free – what do you give up?,免費去沙灘玩，你放棄咗啲咩？,"Even without paying money you give up other uses, e.g. your time.",唔使俾錢都要放棄其他用途，例如時間。
oppcostra-10,oppcostra,mc,,,"(Fictional) At the weekend Ting can: help at the shrimp paste factory ($200), give tutoring ($150), or go to the beach with friends (she values it at $100). She goes to the beach. Her opportunity cost is:",（虛構）阿婷週末可以：去蝦醬工場幫手（$200）、補習（$150）、同朋友去沙灘（佢覺得值 $100）。佢揀咗去沙灘，opportunity cost 係：,$100|$150|$200|$450,$100|$150|$200|$450,,,C,Which two did she give up?,佢放棄咗邊兩樣？,She gave up the factory ($200) and tutoring ($150); the highest is $200.,放棄咗工場 $200 同補習 $150，最高係 $200。
oppcostra-11,oppcostra,mc,,,"Same situation: if Ting chooses the shrimp paste factory, her opportunity cost is:",同一情境，如果阿婷揀咗去蝦醬工場，opportunity cost 係：,$100|$150|$250|$200,$100|$150|$250|$200,,,B,She gives up tutoring and the beach – which is higher?,今次放棄咗補習同沙灘，邊樣最高？,She gives up tutoring ($150) and the beach ($100); the highest is $150.,放棄咗補習 $150 同沙灘 $100，最高係 $150。
oppcostra-12,oppcostra,fill,,,Choosing to dry salt means giving up fishing ($150) and factory work ($180). The opportunity cost is ____.,揀咗曬鹽，放棄咗打魚（$150）同工廠打工（$180），opportunity cost 係 ①。,$180|$150|$330|$0,$180|$150|$330|$0,,,$180,Count only one: the highest.,只計一個：最高嗰個。,Only the highest-valued option forgone: $180.,只計最高價值嘅放棄選項：$180。
oppcostra-S1,oppcostra,mc,scen,,"(Fictional) On Sunday, Siu Man, a Tai O boat owner, can run a dolphin-watching tour ($800), go fishing ($600) or repair his stilt house (he values it at $500). He runs the tour. His opportunity cost is:",（虛構）大澳船主小文禮拜日可以做睇 dolphin 團（$800）、出海打魚（$600）或者維修棚屋（佢認為值 $500）。佢揀做睇 dolphin 團。佢嘅 opportunity cost 係：,"$800|$1,100 (fishing + repair)|$600 (fishing)|$500 (repair)","$800|$1,100（打魚 + 維修）|$600（打魚）|$500（維修）",,,C,"Among the options he gave up, which has the highest value?",喺佢放棄咗嘅選項入面，邊個價值最高？,"Opportunity cost is the value of the highest-valued option forgone only: fishing, $600.",Opportunity cost 只係放棄咗嘅選項之中價值最高嗰個：打魚，$600。
oppcostra-S2,oppcostra,mc,scen,,"(Fictional) Lok paid $200 last month for a non-refundable Ngong Ping 360 ticket for Saturday. On Saturday a friend offers him a one-day job paying $300. If he rides the cable car, his opportunity cost is:",（虛構）阿樂上個月用 $200 買咗張唔可以退嘅禮拜六 Ngong Ping 360 飛。禮拜六有朋友搵佢做一日工，人工 $300。如果佢去坐纜車，佢嘅 opportunity cost 係：,$200|$300|$500|$0,$200|$300|$500|$0,,,B,Can the $200 be recovered whatever he does on Saturday?,無論禮拜六做咩，嗰 $200 攞唔攞得返？,The $200 is a historical cost and is not a cost of the decision. The highest-valued option forgone is the $300 job.,$200 係 historical cost，唔係今次決定嘅 cost。放棄咗價值最高嘅選項係 $300 份工。
oppcostra-S3,oppcostra,order,scen,,"(Fictional) Kwan, a Tai O snack stall owner, can spend an afternoon: selling fish balls ($400), making shrimp paste ($550), resting (values at $300), tutoring ($450). Rank from highest to lowest value.",（虛構）大澳小食檔主阿群一個下晝可以：賣魚蛋（$400）、整蝦醬（$550）、休息（佢認為值 $300）、補習（$450）。由價值最高排到最低。,,,making shrimp paste ($550)|tutoring ($450)|selling fish balls ($400)|resting ($300),整蝦醬（$550）|補習（$450）|賣魚蛋（$400）|休息（$300）,,"If she chooses the top option, which one becomes her opportunity cost?",如果佢揀最高價值嗰個，邊個會成為佢嘅 opportunity cost？,"Ranking shows the choice and its opportunity cost: choosing shrimp paste gives up tutoring ($450), the highest-valued option forgone.",排好次序就睇到：揀整蝦醬，opportunity cost 係補習（$450），即放棄咗價值最高嘅選項。
oppcostra-S4,oppcostra,fill,scen,,"(Fictional) A site in Tung Chung could be a car park (worth $5 million a year), a sports ground ($8 million) or a market ($6 million). The government builds the sports ground. Its opportunity cost is the ____, worth $____ million a year.",（虛構）東涌一幅地可以做停車場（每年值 $500 萬）、運動場（$800 萬）或者街市（$600 萬）。政府起咗運動場。佢嘅 opportunity cost 係 ①，每年值 $② 百萬。,market|car park|6|11,街市|停車場|6|11,,,market|6,"Only the best option given up counts, not the sum.",只計放棄咗最好嗰個，唔係加埋所有。,"The options forgone are the car park ($5M) and market ($6M); the highest-valued is the market, $6 million.",放棄咗停車場（$500 萬）同街市（$600 萬）；價值最高係街市，$600 萬。
oppcostra-S5,oppcostra,tf,scen,,(Fictional) Ah Hung gets a free ticket to a concert at the Hong Kong Coliseum. Going to the concert has no opportunity cost.,（虛構）阿雄攞到一張香港體育館演唱會嘅免費飛。去睇演唱會冇 opportunity cost。,,,,,F,Could he use those hours for something else?,嗰幾個鐘佢可唔可以用嚟做其他嘢？,"Even if the ticket is free, his time could be used elsewhere, so the best alternative use of that time is his opportunity cost.",就算飛係免費，佢嘅時間可以用喺其他地方，嗰段時間最好嘅另一個用途就係佢嘅 opportunity cost。
fullcrab-01,fullcrab,tf,,,Full cost = money cost + non-money cost.,Full cost = money cost + non-money cost。,,,,,T,The fiddler crab has two claws.,隻招潮蟹有兩隻鉗。,This is the textbook formula.,課本公式。
fullcrab-02,fullcrab,tf,,,The full cost of taking a bus from Tai O to Tung Chung is just the bus fare.,搭巴士由大澳出東涌嘅 full cost 只係車費。,,,,,F,What else could you have done during the ride?,搭車嗰段時間本來可以做乜？,You must also count the time cost of the journey.,仲要計車程時間嘅 time cost。
fullcrab-03,fullcrab,mc,,,(Fictional) Fen spends $20 on fares and 1 hour going to Tung Chung. In that hour she could have earned $50 selling shrimp paste (best alternative). Full cost =,（虛構）小芬用 $20 車費同 1 個鐘出東涌。嗰 1 個鐘佢本來可以幫手賣蝦醬賺 $50（最好用途）。Full cost =,$20|$50|$70|$30,$20|$50|$70|$30,,,C,Money cost plus non-money cost.,Money cost 加 non-money cost。,$20 money cost + $50 non-money cost.,$20 money cost + $50 non-money cost。
fullcrab-04,fullcrab,mc,,,Money cost refers to:,Money cost 係：,the money expenses of the chosen option|the highest-valued option forgone|the value of time|interest,所揀選項嘅金錢開支|放棄嘅最高價值選擇|時間嘅價值|利息,,,A,How do money cost and non-money cost differ?,Money cost 同 non-money cost 點分？,Money cost refers to the money expenses of the chosen option.,Money cost 係所揀選項嘅金錢開支。
fullcrab-05,fullcrab,fill,,,Full cost = ____ cost + ____ cost.,Full cost = ① cost + ② cost。,money|non-money|historical|fixed,金錢|非金錢|歷史|固定,,,money|non-money,"One claw is money, the other is not.",一隻鉗係錢，一隻鉗唔係錢。,Historical cost is not a cost.,Historical cost 唔係 cost。
fullcrab-06,fullcrab,fill,,,Non-money cost refers to the value of the best alternative use of the ____ resources spent.,Non-money cost 係所用 ① 資源嘅最佳其他用途嘅價值。,non-money|money|public|free,非金錢|金錢|公共|免費,,,non-money,What kind of resource is time?,例如時間係邊一類資源？,"For example, time.",例如時間。
fullcrab-07,fullcrab,mc,,,Which is a non-money cost?,邊個係 non-money cost？,a $10 ferry ticket|2 hours queuing that could have been spent mending nets|money spent buying salt|interest income,船票 $10|花咗 2 個鐘排隊，本來可以補網|買鹽嘅錢|利息收入,,,B,Which one involves no payment?,邊一樣冇涉及付錢？,It is the value of the best alternative use of time.,時間嘅最佳其他用途嘅價值。
fullcrab-08,fullcrab,sort,,,Money cost or non-money cost?,「money cost」定「non-money cost」？,money cost|non-money cost,金錢成本|非金錢成本,$20 bus fare|time spent queuing|school fees|time taken from mending nets|$300 for a fishing net|using your own house as a shop (could be rented out),車費 $20|排隊時間|學費|放棄補網嘅時間|買漁網 $300|用自己間屋開檔（本來可以租出）,1|2|1|2|1|2,Was money actually paid out?,有冇真係俾錢出去？,"Using your own house costs no payment but gives up rent, so it is a non-money cost.",用自己間屋冇付錢，但放棄咗租金，所以係 non-money cost。
fullcrab-09,fullcrab,tf,,,Non-money cost only includes time.,Non-money cost 只包括時間。,,,,,F,"If you use your own house as a shop, what do you give up?",用自己間屋開檔，放棄咗啲咩？,"The best alternative use of any non-money resource counts, e.g. your own property.",任何非金錢資源嘅最佳其他用途都計，例如自己嘅物業。
fullcrab-10,fullcrab,mc,,,"(Fictional) Wai takes tourists out by boat: fuel costs $100 and it takes 3 hours. The best use of those 3 hours is fishing, earning $240. Full cost =",（虛構）阿偉開船載遊客，油費 $100，用咗 3 個鐘。嗰 3 個鐘最好用途係捕魚賺 $240。Full cost =,$100|$240|$340|$140,$100|$240|$340|$140,,,C,Which is the fuel? Which are the 3 hours?,油費係邊類？3 個鐘係邊類？,$100 money cost + $240 non-money cost.,$100 money cost + $240 non-money cost。
fullcrab-11,fullcrab,fill,,,Using your own stilt house as a shop instead of renting it out for $500 has a non-money cost of ____.,用自己嘅棚屋開舖，本來可以租出 $500。呢個 non-money cost 係 ①。,$500|$0|rent plus fares|cannot be calculated,$500|$0|租金加車費|無法計算,,,$500,No money paid – but what was given up?,冇付錢，但放棄咗乜？,The rent given up is the non-money cost.,放棄咗嘅租金就係 non-money cost。
fullcrab-12,fullcrab,sort,,,Counted in the full cost of taking a boat to the city?,計唔計入搭船出市區嘅 full cost？,counted|not counted,計|唔計,the ferry fare|time on the boat|the boat bought last month|net-mending income given up,船票錢|坐船嘅時間|上個月買嘅船|放棄嘅補網收入,1|1|2|1,Which was already paid and cannot be recovered?,邊樣係已經付咗、拎唔返嘅？,Money spent on a boat last month is a historical cost – not counted.,上個月買船嘅錢係 historical cost，唔計。
fullcrab-S1,fullcrab,mc,scen,,(Fictional) Chloe travels from Tai O to Central by bus and MTR. Fares total $40 and the trip takes 2 hours. Her best alternative use of that time is tutoring at $150 an hour. Full cost =,（虛構）Chloe 由大澳坐巴士同 MTR 去中環，車費共 $40，要 2 個鐘。嗰段時間最好嘅另一個用途係補習，每個鐘 $150。Full cost =,$40|$300|$340|$190,$40|$300|$340|$190,,,C,Money cost plus the value of the time spent: how much is 2 hours worth to her?,Money cost 加埋時間嘅價值：2 個鐘對佢值幾多？,Full cost = money cost $40 + non-money cost (2 x $150 = $300) = $340.,Full cost = money cost $40 + non-money cost（2 x $150 = $300）= $340。
fullcrab-S2,fullcrab,mc,scen,,"(Fictional) Mr Ho can go to Zhuhai by Route A (fare $70, 2 hours) or Route B (fare $160, 1 hour). His time is worth $100 an hour. Which route has the lower full cost?",（虛構）何生去珠海可以揀路線 A（車費 $70，2 個鐘）或者路線 B（車費 $160，1 個鐘）。佢嘅時間每個鐘值 $100。邊條路線嘅 full cost 較低？,"Route A, by $90|Route A, by $10|Route B, by $10|Both are the same",路線 A，平 $90|路線 A，平 $10|路線 B，平 $10|兩條一樣,,,C,Work out money cost + time cost for each route.,逐條路線計 money cost + 時間成本。,Route A: 70 + 200 = $270. Route B: 160 + 100 = $260. Route B is $10 lower in full cost despite the higher fare.,路線 A：70 + 200 = $270。路線 B：160 + 100 = $260。雖然車費貴啲，路線 B 嘅 full cost 平 $10。
fullcrab-S3,fullcrab,sort,scen,,"(Fictional) Sam quits a Tung Chung job ($12,000 a month) to open a snack stall in his own Tai O stilt house, which he could rent out for $3,000 a month. Sort his monthly items:","（虛構）阿 Sam 辭咗東涌份工（月薪 $12,000），喺自己大澳嘅棚屋開小食檔；間屋本來可以每月租 $3,000。將佢每月嘅項目分類：",money cost|non-money cost|not a cost,money cost|non-money cost|唔係 cost,"ingredients bought|electricity bill|the $3,000 rent he gives up|the $12,000 salary he gives up|the price of a fridge he bought five years ago","買食材嘅錢|電費|放棄咗嘅 $3,000 租金|放棄咗嘅 $12,000 人工|五年前買雪櫃嘅錢",1|1|2|2|3,"Is money actually paid out now, is a benefit given up, or is it already spent and unrecoverable?",係而家真係要俾錢、係放棄咗嘅得益，定係早已使咗、攞唔返嘅錢？,Money cost is actual payment; non-money cost is the best alternative use of non-money resources; historical cost is not a cost.,Money cost 係實際支付；non-money cost 係非金錢資源最好嘅另一用途；historical cost 唔係 cost。
fullcrab-S4,fullcrab,fill,scen,,"(Fictional) Wing queues 2 hours for a free food coupon. He could have earned $60 an hour. The full cost of the coupon is $____, all of which is ____ cost.",（虛構）阿榮排咗 2 個鐘隊攞免費食物券。佢本來每個鐘可以賺 $60。張券嘅 full cost 係 $①，全部都係 ② cost。,120|0|non-money|money,120|0|non-money|money,,,120|non-money,"The coupon costs no money, but what did he give up while queuing?",張券唔使錢，但排隊嗰陣佢放棄咗咩？,"Money cost = $0; non-money cost = 2 x $60 = $120, so full cost = $120.",Money cost = $0；non-money cost = 2 x $60 = $120，所以 full cost = $120。
fullcrab-S5,fullcrab,tf,scen,,"(Fictional) Ann and Ben take the same ferry, pay the same fare and spend the same time. Ann could earn $80 an hour; Ben's best alternative is worth $20 an hour. Their full costs are the same.",（虛構）Ann 同 Ben 坐同一班船、俾同樣船費、用同樣時間。Ann 每個鐘可以賺 $80；Ben 最好嘅另一選擇每個鐘值 $20。佢哋嘅 full cost 一樣。,,,,,F,Is the value of an hour the same for both of them?,一個鐘對佢哋兩個嘅價值一唔一樣？,"Money costs are equal but non-money costs differ (Ann's time is worth more), so Ann's full cost is higher.",Money cost 一樣，但 non-money cost 唔同（Ann 嘅時間值錢啲），所以 Ann 嘅 full cost 較高。
tickmud-01,tickmud,tf,,,Time cost is the value of the best alternative use of time.,Time cost 係時間嘅最佳其他用途嘅價值。,,,,,T,What else could the time have been used for?,時間本來可以用嚟做乜？,Time cost is the value of the best alternative use of time.,Time cost 係時間嘅最佳其他用途嘅價值。
tickmud-02,tickmud,tf,,,Queuing for one hour has the same time cost for everyone.,每個人排隊一個鐘嘅 time cost 都一樣。,,,,,F,Would everyone have done the same thing with that hour?,每個人嗰個鐘本來做嘅嘢一樣咩？,"Time cost varies with people, depending on what that hour could otherwise be used for.",Time cost 因人而異，視乎嗰個鐘本來可以做啲咩。
tickmud-03,tickmud,mc,,,(Fictional) Who has the highest time cost when queuing one hour for salted fish?,（虛構）邊個排隊買鹹魚一個鐘嘅 time cost 最高？,a student who would otherwise nap|a retired man who would otherwise stroll|a boat owner who earns $300 an hour|a tourist who would otherwise watch TV,嗰個鐘本來打算瞓覺嘅學生|嗰個鐘本來會行街嘅退休阿伯|一個鐘可以賺 $300 嘅船主|嗰個鐘本來會睇電視嘅遊客,,,C,Whose best alternative use of that hour is worth the most?,邊個嗰個鐘嘅最佳其他用途最值錢？,Compare the value of each person's best alternative use of that hour.,比較嘅係「嗰個鐘最佳其他用途」嘅價值。
tickmud-04,tickmud,mc,,,"Before the bridge opened in 1996, Tai O residents crossed the creek by rope ferry. If walking over the bridge takes less time, the full cost of crossing will:",1996 年大橋落成前，大澳居民要坐橫水渡過河。如果行橋過河用少咗時間，過河嘅 full cost 會：,fall|rise|stay the same|become zero,下降|上升|不變|變成零,,,A,"With less time used, what happens to the non-money cost?",用少咗時間，non-money cost 點變？,Less time means a lower non-money cost. The value of each hour is unchanged; the number of hours falls.,用少咗時間，non-money cost 下降。留意：每個鐘嘅 time cost 冇變，變嘅係用咗幾多個鐘。
tickmud-05,tickmud,fill,,,Time cost is the value of the ____ alternative use of time.,Time cost 係時間 ① 其他用途嘅價值。,best|worst|average|first,最佳|最差|平均|第一個,,,best,Like opportunity cost – which one do we look at?,同 opportunity cost 一樣，睇邊一個？,"Like opportunity cost, it looks at the highest-valued alternative.",同 opportunity cost 一樣，睇最高價值嘅其他用途。
tickmud-06,tickmud,fill,,,Time cost is a kind of non-money cost and varies with ____.,Time cost 係 non-money cost 嘅一種，會隨 ① 而唔同。,people|prices|interest rates|weather,人|價格|利率|天氣,,,people,Is queuing the same cost for a boat owner and a student?,船主同學生排隊，time cost 一樣咩？,Each person's best alternative use of time is different.,每個人時間嘅最佳其他用途唔同。
tickmud-07,tickmud,tf,,,"The higher the value of a person's best alternative use of time, the higher his time cost.",一個人時間嘅最佳其他用途價值越高，佢嘅 time cost 越高。,,,,,T,Why does the boat owner hate queuing?,船主點解唔鍾意排隊？,That is why busy people are less willing to queue.,所以忙碌嘅人較唔願意排隊。
tickmud-08,tickmud,order,,,(Fictional) Order their time cost of queuing one hour from lowest to highest (assume working is the best alternative):,（虛構）將排隊一個鐘嘅 time cost 由低到高排（假設打工係嗰個鐘嘅最佳其他用途）：,,,net mender earning $60 an hour|tour guide earning $150 an hour|boat owner earning $300 an hour,一個鐘賺 $60 嘅補網工|一個鐘賺 $150 嘅導遊|一個鐘賺 $300 嘅船主,,Compare how much each could earn in that hour.,比較每個人嗰個鐘可以賺幾多。,Time cost follows the value of the best alternative use of that hour.,Time cost 跟住嗰個鐘嘅最佳其他用途排。
tickmud-09,tickmud,mc,,,In which case is the time cost of queuing most likely to rise?,以下邊個情況，排隊嘅 time cost 最有可能上升？,the person suddenly gets a higher-paid part-time job offer|fewer people are queuing|the weather improves|the queue moves to another place,排隊嘅人突然有份時薪較高嘅兼職可以做|排隊人數減少|天氣變好|排隊地點改變,,,A,Which makes the other uses of that hour more valuable?,邊個情況令嗰個鐘嘅其他用途更值錢？,"When the best alternative use becomes more valuable, time cost rises.",最佳其他用途嘅價值上升，time cost 就上升。
tickmud-10,tickmud,tf,,,A retired person's time cost must be zero.,退休人士嘅 time cost 一定係零。,,,,,F,Does a retired person's time have other uses?,退休人士嘅時間有冇其他用途？,"As long as time has other uses, there is a time cost – it may just be lower.",只要時間有其他用途，就有 time cost，只係可能較低。
tickmud-11,tickmud,mc,,,Why do some people pay more for a fast boat rather than take a slow one?,點解有啲人寧願俾多啲錢坐快船，都唔坐慢船？,their time cost is higher|they ignore money cost|fast boats are free goods|they have no choice,佢哋嘅 time cost 較高|佢哋唔理 money cost|快船係 free good|佢哋冇 choice,,,A,The slow boat saves money but wastes what?,慢船慳錢但嘥咩？,"For people with a high time cost, saving time is worth more than saving money.",Time cost 高嘅人，慳時間比慳錢更划算。
tickmud-12,tickmud,fill,,,The time cost of queuing one hour equals the value of the ____ alternative use of that hour.,排隊一個鐘嘅 time cost，等於嗰一個鐘 ① 其他用途嘅價值。,best|worst|first|total,最好|最差|第一個|所有,,,best,"Like opportunity cost, count only one.",同 opportunity cost 一樣只計一個。,Time cost counts only the best alternative use.,Time cost 只計最佳其他用途。
tickmud-S1,tickmud,mc,scen,,(Fictional) Siu Wai queues 2 hours in Tsim Sha Tsui for free concert tickets. Instead he could tutor at $200/hour or work in a café at $60/hour. His time cost of queuing is:,（虛構）小偉喺尖沙咀排咗 2 個鐘隊攞免費音樂會門票。佢本來可以補習，每個鐘 $200，或者喺 café 做嘢，每個鐘 $60。佢排隊嘅 time cost 係：,$120|$260|$400|$520,$120|$260|$400|$520,,,C,Which alternative use of those 2 hours is the best one? Do you add both alternatives?,嗰 2 個鐘最好嘅另一個用途係邊個？兩個選擇要唔要加埋？,Time cost = value of the best alternative use of time only: $200 x 2 = $400. The café job is not counted.,Time cost = 時間最好嘅另一個用途嘅價值：$200 x 2 = $400。Café 工作唔計。
tickmud-S2,tickmud,order,scen,,(Fictional) Three people each queue 1 hour in Mong Kok for a new phone. Assume working is each person's best alternative. Order their time cost from lowest to highest.,（虛構）三個人喺旺角各排 1 個鐘隊買新手機。假設返工係每人最好嘅另一個選擇。將佢哋嘅 time cost 由低至高排列。,,,"a student whose part-time job pays $60/hour|a delivery rider earning $120/hour|a lawyer earning $1,500/hour","兼職時薪 $60 嘅學生|時薪 $120 嘅外賣車手|時薪 $1,500 嘅律師",,Whose best alternative use of that hour is worth the most?,邊個嗰個鐘最好嘅另一個用途最值錢？,"Time cost depends on the value of each person's best alternative use of time, so it differs between people: $60 < $120 < $1,500.","Time cost 取決於每人時間最好嘅另一個用途嘅價值，所以因人而異：$60 < $120 < $1,500。"
tickmud-S3,tickmud,tf,scen,,"(Fictional) A surgeon earning $3,000/hour and a student earning $70/hour both queue 30 minutes for the Ngong Ping 360 cable car. They bear the same time cost.","（虛構）一個時薪 $3,000 嘅外科醫生同一個時薪 $70 嘅學生，一齊排咗 30 分鐘隊搭昂坪 360 纜車。佢哋承擔嘅 time cost 一樣。",,,,,F,"Same 30 minutes, but is the best alternative use of that time worth the same to both?",同樣係 30 分鐘，但嗰段時間最好嘅另一個用途對兩個人嚟講一樣值錢咩？,"Time cost is the value of the best alternative use of time, which differs between people. The surgeon's time cost ($1,500) is far higher than the student's ($35).","Time cost 係時間最好嘅另一個用途嘅價值，因人而異。醫生嘅 time cost（$1,500）遠高過學生（$35）。"
tickmud-S4,tickmud,mc,scen,,"(Fictional) Mr Chan, a busy consultant, pays more for a direct coach across the Hong Kong–Zhuhai–Macao Bridge instead of a cheaper but much slower route. The best explanation is:",（虛構）陳生係個好忙嘅顧問，佢寧願俾多啲錢搭經港珠澳大橋嘅直通巴士，都唔揀平啲但慢好多嘅路線。最好嘅解釋係：,"His time cost is high, so the faster option has a lower full cost for him|Money is not scarce for rich people|Only poor people bear time cost|The slower route has no time cost",佢嘅 time cost 高，所以對佢嚟講快啲嘅選擇 full cost 較低|有錢人嘅錢唔 scarce|只有窮人先有 time cost|慢啲嘅路線冇 time cost,,,A,Full cost = money cost + what else? Is Mr Chan's time valuable?,Full cost = money cost + 咩？陳生嘅時間值唔值錢？,"Full cost includes money cost and time cost. With a high value of time, the saving in time cost outweighs the extra fare.",Full cost 包括 money cost 同 time cost。佢時間價值高，慳返嘅 time cost 多過額外車費。
tickmud-S5,tickmud,fill,scen,,(Fictional) Kelly spends 3 hours queuing for a free museum exhibition. Her best alternative is tutoring at $150/hour; her second best is shop work at $80/hour. Her time cost is ____.,（虛構）Kelly 排咗 3 個鐘隊睇免費博物館展覽。佢最好嘅另一個選擇係補習，時薪 $150；第二好係喺舖頭做嘢，時薪 $80。佢嘅 time cost 係 ①。,$450|$240|$690|$0,$450|$240|$690|$0,,,$450,"The exhibition is free of charge, but is her time free?",展覽唔使錢，但佢嘅時間係咪免費？,Time cost = value of the best alternative use of time = $150 x 3 = $450. A zero money price does not mean zero time cost.,Time cost = 時間最好嘅另一個用途嘅價值 = $150 x 3 = $450。唔使錢唔等於冇 time cost。
shiftide-01,shiftide,tf,,,"(Fictional: Ming chose to study, giving up carrying cargo $50 (highest) and drying salt $30.) If cargo pay rises from $50 to $70, Ming's opportunity cost of studying rises.",（虛構：阿明揀咗溫書，放棄搬貨 $50（最高）同曬鹽 $30。）搬貨工錢由 $50 升到 $70，阿明溫書嘅 opportunity cost 會上升。,,,,,T,Is carrying cargo the highest-valued option forgone?,搬貨係唔係被放棄嘅最高價值選項？,The value of the highest-valued option forgone has risen.,被放棄嘅最高價值選項價值上升。
shiftide-02,shiftide,tf,,,"If studying becomes more valuable to Ming, his opportunity cost of studying also rises.",溫書對阿明嘅價值上升，佢溫書嘅 opportunity cost 都會上升。,,,,,F,Does opportunity cost look at what you chose or what you gave up?,Opportunity cost 睇揀咗嗰樣，定係放棄咗嗰樣？,The value of the chosen option does not affect opportunity cost.,被揀選項本身嘅價值唔影響 opportunity cost。
shiftide-03,shiftide,mc,,,"(Ming) Drying salt rises from $30 to $40, still below cargo at $50. Opportunity cost:",（阿明情境）曬鹽嘅價值由 $30 升到 $40，仍然低過搬貨 $50，opportunity cost：,rises|falls|is unchanged|cannot be determined,上升|下降|不變|無法判斷,,,C,Did drying salt become the highest?,曬鹽有冇變成最高？,Drying salt did not replace cargo as the highest-valued option.,曬鹽冇取代搬貨成為最高價值選項。
shiftide-04,shiftide,mc,,,(Ming) Drying salt rises from $30 to $60. Opportunity cost becomes:,（阿明情境）曬鹽嘅價值由 $30 升到 $60，opportunity cost 變成：,$50|$60|$110|$30,$50|$60|$110|$30,,,B,Which is the highest now?,而家邊個先係最高？,Drying salt replaced cargo as the new highest-valued option forgone.,曬鹽取代咗搬貨，成為新嘅最高價值放棄選項。
shiftide-05,shiftide,mc,,,Which change does NOT affect opportunity cost?,以下邊個改變唔會影響 opportunity cost？,the highest-valued option forgone becomes more valuable|the chosen option takes more time|the chosen option itself becomes more valuable|the chosen option costs more money,被放棄嘅最高價值選項價值上升|被揀選項要用嘅時間增加|被揀選項本身價值上升|被揀選項要用嘅錢增加,,,C,Which one has nothing to do with what is given up?,邊一樣同「放棄咗乜」無關？,More time or money means more alternatives given up; the chosen option's value has no effect.,用多咗時間或錢，會令放棄嘅其他用途增加；被揀選項價值就唔影響。
shiftide-06,shiftide,fill,,,"A rise in the value of another, non-highest option affects opportunity cost only if it ____ the original highest-valued option.",另一個非最高價值嘅選項價值上升，只有當佢 ① 原本最高價值選項時，先會影響 opportunity cost。,replaces|equals|stays below|ignores,取代|等於|低過|無關,,,replaces,It must become the new 'highest'.,佢要變成新嘅「最高」先得。,Textbook: 'if it replaces the original highest-valued option forgone'.,課本：if it replaces the original highest-valued option forgone。
shiftide-07,shiftide,tf,,,"If the risk of going to sea (e.g. storms) increases, the opportunity cost of going to sea rises.",出海嘅風險（例如遇到風浪）增加，出海嘅 opportunity cost 會上升。,,,,,F,Is the risk an option that you gave up?,風險係唔係一個被放棄嘅選項？,Textbook: the risk of undesired events arising from choosing an option does not affect opportunity cost.,課本：選擇某選項而帶來嘅風險，唔影響 opportunity cost。
shiftide-08,shiftide,sort,,,Effect on opportunity cost:,以下改變對 opportunity cost 嘅影響：,affected|not affected|uncertain,影響|唔影響|未必影響,highest-valued option forgone becomes more valuable|chosen option takes more time|chosen option becomes more valuable|a third option becomes more valuable|chosen option becomes riskier,被放棄最高價值選項價值上升|被揀選項所用時間增加|被揀選項本身價值上升|第三選項價值上升|被揀選項風險上升,1|1|2|3|2,Check the textbook table 'Changes in opportunity cost'.,對照課本「Changes in opportunity cost」表。,Matches the textbook table 'Changes in opportunity cost'.,對照課本「Changes in opportunity cost」表。
shiftide-09,shiftide,tf,,,"If the highest-valued option forgone becomes less valuable but is still the highest, opportunity cost falls.",放棄選項入面最高價值嗰個跌價，但仍然係最高，opportunity cost 會下降。,,,,,T,How much is the highest one worth now?,最高嗰個嘅價值變咗幾多？,"Opportunity cost is that option's value, so when it falls, opportunity cost falls.",Opportunity cost 就係嗰個選項嘅價值，佢跌，opportunity cost 就跌。
shiftide-10,shiftide,mc,,,(Ming) Cargo pay falls to $20. Opportunity cost becomes:,（阿明情境）搬貨工錢跌到 $20，opportunity cost 變成：,$20|$30|$50|$0,$20|$30|$50|$0,,,B,"After cargo falls, which is the highest?",搬貨跌咗之後，邊個先係最高？,Drying salt ($30) becomes the highest-valued option forgone.,曬鹽 $30 變成最高價值嘅放棄選項。
shiftide-11,shiftide,mc,,,"If studying takes more time, the opportunity cost:",溫書要用嘅時間增加，opportunity cost：,rises|falls|is unchanged|becomes zero,上升|下降|不變|變零,,,A,More time used – more or fewer alternatives given up?,用多咗時間，放棄咗嘅其他用途多咗定少咗？,Using more time gives up more alternative uses.,用多咗時間，放棄咗更多其他用途。
shiftide-12,shiftide,fill,,,"If the chosen option itself becomes more valuable, opportunity cost is ____.",被揀選項本身嘅價值上升，opportunity cost ①。,unchanged|higher|lower|zero,不變|上升|下降|變零,,,unchanged,Which side does opportunity cost look at?,Opportunity cost 睇嘅係邊一邊？,Opportunity cost only looks at the options given up.,Opportunity cost 只睇放棄咗嘅選項。
shiftide-S1,shiftide,mc,scen,,"(Fictional) Joyce attends a Saturday tuition class in Tung Chung. She gives up café work ($400, highest) and helping at her family's shop ($250). Café pay rises to $500. Her opportunity cost becomes:",（虛構）Joyce 星期六喺東涌上補習班，放棄咗喺 café 做嘢（$400，最高）同幫屋企舖頭（$250）。Café 人工加到 $500。佢嘅 opportunity cost 變成：,$250|$400|$500|$750,$250|$400|$500|$750,,,C,Which option is the highest-valued option forgone now?,而家被放棄嘅最高價值選擇係邊個？,Opportunity cost = value of the highest-valued option forgone. The café job is still the highest and now worth $500. Options are not added.,Opportunity cost = 被放棄嘅最高價值選擇嘅價值。Café 工作仍然最高，而家值 $500。唔會將選擇加埋。
shiftide-S2,shiftide,mc,scen,,(Fictional) Joyce's highest-valued option forgone is café work ($400). A new option appears: guiding tourists at Ngong Ping for $350. Her opportunity cost of attending tuition:,（虛構）Joyce 被放棄嘅最高價值選擇係 café 工作（$400）。而家多咗一個新選擇：喺昂坪做導遊，$350。佢上補習班嘅 opportunity cost：,rises to $750|falls to $350|stays at $400|becomes zero,升到 $750|跌到 $350|維持 $400|變成零,,,C,Does the new option replace the highest-valued one?,新選擇有冇取代到最高價值嗰個？,"A third option matters only if it replaces the highest-valued option forgone. $350 < $400, so opportunity cost is unchanged.",第三個選擇只有取代咗被放棄嘅最高價值選擇先有影響。$350 < $400，所以 opportunity cost 不變。
shiftide-S3,shiftide,sort,scen,,(Fictional) A Kwun Tong restaurant owner chooses to open on Sunday. Does each change affect his opportunity cost of opening?,（虛構）觀塘一個餐廳老闆揀咗星期日開舖。以下每個變化會唔會影響佢開舖嘅 opportunity cost？,changes it|does not change it,會改變|唔會改變,Renting the shop out for a private party (his best alternative) now pays more|Opening on Sunday now needs more money for staff wages|He expects Sunday profit to be higher|The risk of heavy rain on Sunday increases|A new option worth less than his best alternative appears,將間舖租俾人開私人派對（佢最好嘅另一個選擇）而家收多咗錢|星期日開舖而家要俾多啲人工|佢預計星期日利潤會高啲|星期日落大雨嘅風險增加|出現一個價值低過佢最好選擇嘅新選擇,1|1|2|2|2,"Does the change affect the highest-valued option forgone, or the money/time the chosen option needs?",個變化有冇影響被放棄嘅最高價值選擇，或者所揀選擇需要嘅錢／時間？,Opportunity cost changes when the value of the highest-valued option forgone changes or the money/time needed by the chosen option changes. The chosen option's own value and risk do not change it.,當被放棄嘅最高價值選擇嘅價值改變，或者所揀選擇需要嘅錢／時間改變，opportunity cost 先會變。所揀選擇本身嘅價值同風險唔會改變佢。
shiftide-S4,shiftide,tf,scen,,"(Fictional) Kit chooses to take the MTR Tung Chung line to work instead of a bus. If the MTR fare rises, his opportunity cost of taking the MTR rises.",（虛構）阿傑揀咗搭港鐵東涌綫返工而唔搭巴士。如果港鐵車費加價，佢搭港鐵嘅 opportunity cost 會上升。,,,,,T,"If the chosen option needs more money, what else is given up with that money?",如果所揀嘅選擇要用多啲錢，嗰啲錢本來可以用嚟做咩？,"When the chosen option requires more money, more alternatives must be forgone, so opportunity cost rises.",所揀選擇需要更多錢，就要放棄更多其他選擇，所以 opportunity cost 上升。
shiftide-S5,shiftide,fill,scen,,(Fictional) Ben chooses to revise for the DSE on Sunday. His best alternative was a $600 part-time job. A new job offer paying $800 appears. His opportunity cost ____ because the new option ____ the highest-valued one.,（虛構）阿 Ben 揀咗星期日溫書準備 DSE。佢最好嘅另一個選擇本來係 $600 嘅兼職。而家多咗一份 $800 嘅工。佢嘅 opportunity cost ①，因為新選擇 ② 最高價值嗰個。,rises|replaces|falls|does not replace,上升|取代|下降|冇取代,,,rises|replaces,Is $800 higher than the old highest-valued option forgone?,$800 高唔高過原本被放棄嘅最高價值選擇？,"The $800 job replaces the $600 job as the highest-valued option forgone, so opportunity cost rises from $600 to $800.",$800 嘅工取代咗 $600 嗰份，成為被放棄嘅最高價值選擇，所以 opportunity cost 由 $600 升到 $800。
sunkshell-01,sunkshell,tf,,,No choice implies no cost.,No choice implies no cost（冇選擇就冇成本）。,,,,,T,"With no choice, is anything given up?",冇得揀，有冇放棄任何選項？,"With no choice, no option is given up.",冇得揀，就冇放棄任何選項。
sunkshell-02,sunkshell,tf,,,The cost of building the salt pans years ago should be counted in today's opportunity cost of drying salt.,已經建好嘅鹽田建造費，應該計入今日繼續曬鹽嘅 opportunity cost。,,,,,F,"Whatever you choose today, can that money be recovered?",今日點揀，嗰筆錢拎唔拎得返？,"Historical cost is not a cost: whatever you choose today, that money is gone.",Historical cost is not a cost：無論今日揀咩，嗰筆錢都拎唔返。
sunkshell-03,sunkshell,mc,,,(Fictional) Salt worker Fook spent a lot building salt pans in the 1940s. In the 1960s he considers whether to continue. Which should NOT affect his decision?,（虛構）鹽工阿福 1940 年代花大錢起鹽田。1960 年代佢考慮應唔應該繼續曬鹽。以下邊樣唔應該影響佢嘅決定？,income from working in the city|the price of imported salt|the cost of building the salt pans back then|the value of other uses of the salt pans,市區打工收入|入口鹽嘅價格|當年起鹽田嘅費用|鹽田改作其他用途嘅價值,,,C,Which one was paid in the past?,邊一樣係過去已經付咗嘅？,Money already paid is a historical cost.,已付嘅費用係 historical cost。
sunkshell-04,sunkshell,mc,,,Why is historical cost not a cost?,點解 historical cost 唔係 cost？,"It has been paid and cannot be recovered whatever you choose, so nothing is given up by any choice|The amount is too small|It is a free good|It is a non-money cost",因為已經付咗，無論揀咩都拎唔返，唔係任何選擇下放棄嘅嘢|因為金額太細|因為佢係 free good|因為佢係 non-money cost,,,A,A cost is something given up because of this choice.,Cost 係因為今次選擇而放棄嘅嘢。,A cost is what you give up because of the current choice.,Cost 係「因為今次選擇而放棄」嘅嘢。
sunkshell-05,sunkshell,fill,,,"Historical cost is ____ a cost, because it cannot be ____ whatever choice is made.",Historical cost ① 係 cost，因為無論點揀都 ②。,not|recovered|always|increased,唔|拎唔返|一定|增加,,,not|recovered,Can that money be got back?,嗰筆錢拎唔拎得返？,The money is already spent and does not change with the current choice.,錢已經用咗，唔會因為今次選擇而改變。
sunkshell-06,sunkshell,mc,,,In which case does the resource used have NO opportunity cost?,以下邊個情況，用嘅資源冇 opportunity cost？,using a salt pan that can only dry salt and has no other use|using your own time to dry salt|using money to buy salt|renting a boat to go fishing,一塊鹽田只可以曬鹽、冇任何其他用途，用佢曬鹽|用自己時間曬鹽|用錢買鹽|租船出海,,,A,Which resource has no other use?,邊一樣資源冇其他用途？,"No other use means no choice, so no cost.",冇其他用途，即係冇選擇，所以冇 cost。
sunkshell-07,sunkshell,tf,,,"A fishing boat's purchase price is a historical cost, but using it now still has an opportunity cost, e.g. the rent from leasing it out.",一艘漁船已經買咗，買船錢係 historical cost；但而家用佢出海，仍然有 opportunity cost，例如放棄咗租船俾人嘅租金。,,,,,T,Does the boat have other uses now?,而家用艘船，有冇其他用途？,"Past money is not counted, but today's choice still has a cost.",過去嘅錢唔計，但今日嘅選擇仍然有 cost。
sunkshell-08,sunkshell,sort,,,A cost or not a cost?,「係 cost」定「唔係 cost」？,a cost|not a cost,係 cost|唔係 cost,money spent on nets last year|cargo income given up by fishing today|salt pan building cost already paid|rent given up by using the boat to fish,去年買漁網嘅錢|今日出海放棄嘅搬貨收入|已付嘅鹽田建造費|用漁船出海而放棄嘅租金收入,2|1|2|1,Separate 'already paid' from 'being given up today'.,分辨「已經付咗」同「今日放棄緊」。,Only what is given up by today's choice is a cost.,分辨「已經付咗」同「今日放棄緊」。
sunkshell-09,sunkshell,mc,,,(Fictional) Last year Fook spent $500 repairing the sluice gate. Now he is thinking of changing jobs. The $500:,（虛構）福伯上年花 $500 修補鹽田水閘。今年佢考慮應唔應該轉行，呢 $500：,is a historical cost and should not affect the decision|should be added to the cost of changing jobs|should be added to the cost of continuing|is a time cost,係 historical cost，唔應影響決定|應該加入轉行嘅 cost|應該加入繼續曬鹽嘅 cost|係 time cost,,,A,Can the $500 be recovered today?,呢 $500 今日仲拎唔拎得返？,"Whether he changes jobs or not, the $500 is already spent.",無論轉唔轉行，$500 都已經用咗。
sunkshell-10,sunkshell,tf,,,"Since a lot of money was spent building the salt pans, we should keep drying salt so as not to waste it.",因為已經花咗好多錢起鹽田，所以應該繼續曬鹽，唔好浪費。,,,,,F,Will past spending come back if you keep drying salt?,過去花嘅錢，會唔會因為你繼續曬鹽而返嚟？,A common mistake: deciding by historical cost. Compare gains and losses from today onwards.,呢個係常見錯誤：用 historical cost 做決定。應該比較今日開始嘅得失。
sunkshell-11,sunkshell,fill,,,No ____ implies no cost.,冇 ① 就冇 cost。,choice|money|time|interest,選擇|金錢|時間|利息,,,choice,Without what is there no cost?,冇咗乜就冇 cost？,"No choice means nothing is given up, so no cost.",冇選擇就冇放棄，所以冇 cost。
sunkshell-12,sunkshell,mc,,,An old boat can no longer be rented or sold and has no other use. The opportunity cost of using it to fish (boat only) is:,一艘舊船已經冇人肯租、冇人肯買，亦冇其他用途。用佢出海嘅 opportunity cost（只計艘船）係：,zero|its original price|repair costs|the price of a new boat,零|當年買船價|維修費|新船價,,,A,Does the boat have any other use?,艘船仲有冇其他用途？,"No other use means no choice, so the boat's opportunity cost is zero.",冇其他用途即係冇選擇，所以艘船嘅 opportunity cost 係零。
sunkshell-S1,sunkshell,mc,scen,,"(Fictional) Winnie paid a $3,000 non-refundable fee for a 10-week cooking course. Now she is deciding whether to attend tonight's class or work a $500 shift. Which should NOT affect her decision?","（虛構）Winnie 俾咗 $3,000 唔退款嘅學費報咗 10 星期烹飪班。而家佢諗緊今晚去上堂定係返一更 $500 嘅工。以下邊樣唔應該影響佢嘅決定？","The $3,000 fee already paid|The $500 wage forgone|How much she values tonight's class|The travelling time to class","已經俾咗嘅 $3,000 學費|放棄咗嘅 $500 人工|佢有幾重視今晚堂課|去上堂嘅交通時間",,,A,"Can the $3,000 be recovered whichever option she chooses?","無論佢揀邊樣，嗰 $3,000 攞唔攞得返？","The fee is a historical cost: it cannot be recovered whatever choice is made, so it is not a cost of tonight's decision.",學費係 historical cost：無論點揀都攞唔返，所以唔係今晚決定嘅 cost。
sunkshell-S2,sunkshell,tf,scen,,"(Fictional) A family bought a flat in Tai Po for $2 million in 1995. It could now be rented out for $15,000 a month. The cost of living in it themselves is the $2 million paid in 1995.","（虛構）一家人 1995 年用 $200 萬喺大埔買咗層樓。而家層樓可以每月租 $15,000。佢哋自己住嘅 cost 係 1995 年俾嘅 $200 萬。",,,,,F,Is the 1995 price something they can still avoid? What do they give up by living there now?,1995 年嘅樓價而家仲避唔避得到？佢哋而家自己住放棄咗咩？,"The purchase price is a historical cost, not a cost. The cost of living there now is the highest-valued option forgone, e.g. $15,000 rent a month.","買樓價係 historical cost，唔係 cost。而家自己住嘅 cost 係被放棄嘅最高價值選擇，例如每月 $15,000 租金。"
sunkshell-S3,sunkshell,sort,scen,,"(Fictional) Kwok, a Sham Shui Po shop owner, is deciding whether to keep his shop open this month. Is each item a cost of that decision?",（虛構）深水埗舖頭老闆郭生諗緊今個月繼續開舖定唔開。以下每項係唔係呢個決定嘅 cost？,a cost|not a cost,係 cost|唔係 cost,Rent he could get by subletting the shop|Renovation paid five years ago|Wage he could earn working elsewhere|A machine bought last year with no resale value or other use|A non-refundable licence fee already paid,將間舖分租出去可以收嘅租|五年前俾咗嘅裝修費|佢去第度打工可以賺嘅人工|舊年買咗、冇得轉賣又冇其他用途嘅機器|已經俾咗、唔可以退嘅牌照費,1|2|1|2|2,Can the item still be avoided or gained by choosing differently now?,而家揀唔同選擇，呢項仲可唔可以避免或者賺到？,Only forgone options count. Money already spent and unrecoverable is historical cost; a resource with no alternative use has no opportunity cost.,只有被放棄嘅選擇先算 cost。已經用咗又攞唔返嘅錢係 historical cost；冇其他用途嘅資源冇 opportunity cost。
sunkshell-S4,sunkshell,mc,scen,,(Fictional) Tom paid $200 for a concert ticket that cannot be refunded or resold. On concert night his best alternative is a $150 helper job. His opportunity cost of going to the concert is:,（虛構）阿 Tom 用 $200 買咗張唔可以退又唔可以轉賣嘅音樂會飛。音樂會當晚佢最好嘅另一個選擇係一份 $150 嘅幫手工。佢去音樂會嘅 opportunity cost 係：,$0|$150|$200|$350,$0|$150|$200|$350,,,B,"On the night, can the $200 be changed by his choice?",當晚無論佢點揀，嗰 $200 會唔會改變？,The $200 is a historical cost and cannot be recovered. The opportunity cost is the highest-valued option forgone: the $150 job.,$200 係 historical cost，攞唔返。Opportunity cost 係被放棄嘅最高價值選擇：$150 嘅工。
sunkshell-S5,sunkshell,mc,scen,,(Fictional) Kai must attend a one-hour school assembly; he cannot leave or do anything else during it. The cost to Kai of attending is:,（虛構）阿啟一定要出席一個鐘嘅學校週會，期間佢唔可以離開亦做唔到其他嘢。對阿啟嚟講，出席嘅 cost 係：,"zero, because he has no choice|the value of his best use of one hour|his tuition fee|the wages of the teachers",零，因為佢冇得揀|佢一個鐘最好用途嘅價值|佢嘅學費|老師嘅人工,,,A,"If there is nothing else he could do, is anything given up?",如果佢冇其他嘢可以做，佢有冇放棄到任何嘢？,"No choice implies no cost: without an alternative, no option is forgone.",No choice implies no cost：冇其他選擇，就冇被放棄嘅選擇。
saltling-01,saltling,tf,,,A free good is a good that costs no money.,Free good 即係唔使俾錢嘅物品。,,,,,F,Is the classification about price or about quantity?,分類睇收唔收錢，定睇數量夠唔夠？,"The classification depends on whether the quantity satisfies everyone, not on the price.",分類睇數量夠唔夠滿足所有人，唔係睇收唔收錢。
saltling-02,saltling,tf,,,Sun-dried salt is an economic good.,曬好嘅鹽係 economic good。,,,,,T,Does drying salt need workers and salt pans?,曬鹽要唔要用人手同鹽田？,"It needs scarce resources like labour and salt pans, and people pay for it.",要用人手同鹽田等 scarce resources 生產，人願意俾錢買。
saltling-03,saltling,mc,,,Which is most likely a free good?,以下邊個最可能係 free good？,seawater in the ocean|masks handed out free by the government|free school lunches|sun-dried salt,大海入面嘅海水|政府免費派嘅口罩|學校免費午餐|曬好嘅鹽,,,A,Which is available in enough quantity for everyone?,邊一樣數量夠晒所有人？,Ocean seawater satisfies everyone. The others are free of charge but use scarce resources.,大海嘅海水數量夠滿足所有人。其他雖然免費，但要用 scarce resources 生產。
saltling-04,saltling,mc,,,Items given out free by the government are:,政府免費派發嘅物品屬於：,free goods|economic goods|depends on whether a price is charged|neither,free good|economic good|睇收唔收錢|唔屬於任何一類,,,B,Does producing them use resources?,生產呢啲物品要唔要用資源？,The quantity cannot satisfy everyone and there is a production cost.,數量唔夠滿足所有人，而且有 production cost。
saltling-05,saltling,fill,,,A free good is a good for which the quantity available is ____ to satisfy all human wants for it. More of it is ____ preferred.,Free good 嘅數量 ① 滿足所有人對佢嘅 wants。更多 ② 更好。,sufficient|insufficient|not|always,足以|不足以|唔係|一定係,,,sufficient|not,Is a free good's quantity enough?,Free good 嘅數量夠唔夠？,This is the textbook definition.,課本定義。
saltling-06,saltling,fill,,,Providing an economic good involves a ____ cost because it uses scarce resources with alternative uses.,Economic good 嘅提供涉及 ① cost，因為要用有其他用途嘅 scarce resources。,production|historical|time|interest,生產|歷史|時間|利息,,,production,Production uses resources.,生產要用資源。,A free good has no production cost.,Free good 就冇 production cost。
saltling-07,saltling,mc,,,Which is a feature of an economic good?,以下邊個係 economic good 嘅特徵？,more of it is not preferred|no one is willing to pay for it|people are willing to pay a price to compete for it|it has no production cost,更多唔係更好|冇人願意俾錢|人願意付價錢去競爭佢|冇 production cost,,,C,Which type do the other three describe?,其餘三個屬於邊一類？,The other three are features of free goods.,其餘都係 free good 嘅特徵。
saltling-08,saltling,sort,,,Economic good or free good?,「economic good」定「free good」？,economic good|free good,經濟物品|免費物品,sun-dried salt|seawater in the ocean|free newspapers|sunlight by the sea|salted fish|air,曬好嘅鹽|大海嘅海水|免費派發嘅報紙|海邊陽光|鹹魚|空氣,1|2|1|2|1|2,Do free newspapers need paper and labour?,免費報紙要唔要紙張同人手？,"Free newspapers are a trap: they need paper and labour, so they are economic goods.",免費報紙係陷阱：要紙張同人手，係 economic good。
saltling-09,saltling,tf,,,"In a desert, water may be an economic good; in the ocean, seawater is a free good.",喺沙漠，水可能係 economic good；喺大海，海水係 free good。,,,,,T,Compare quantity with wants.,分類睇數量同 wants 嘅比較。,The same thing can be sufficient in one place and insufficient in another.,同一樣嘢，喺唔同環境下數量夠唔夠滿足 wants 可以唔同。
saltling-10,saltling,mc,,,Why will people pay for dried salt but not for seawater?,點解曬好嘅鹽有人願意俾錢買，但海水冇？,salt is not enough for everyone; seawater is|salt is saltier|seawater belongs to the government|no reason,鹽嘅數量唔夠滿足所有人，海水夠|鹽比較鹹|海水係政府嘅|冇原因,,,A,Think about quantity and wants.,諗吓數量同 wants。,"An economic good is insufficient, so people pay to compete for it.",Economic good 數量唔夠，所以人願意付價錢競爭。
saltling-11,saltling,tf,,,"For an economic good, more of it is preferred.",Economic good 係 more is preferred（更多係更好）。,,,,,T,Would more salt make you happier?,鹽多啲，你會唔會更開心？,Economic good: more is preferred; free good: more is not preferred.,Economic good：更多係更好；free good：更多唔係更好。
saltling-12,saltling,fill,,,"Providing a free good does not use ____ resources, so it has no production cost.",提供 free good 唔需要用 ① resources，所以冇 production cost。,scarce|free|human|natural,稀少|免費|人力|天然,,,scarce,What kind of resources does an economic good use?,生產 economic good 要用邊種資源？,A free good does not use scarce resources with alternative uses.,Free good 唔使用有其他用途嘅 scarce resources。
saltling-S1,saltling,sort,scen,,Economic good or free good?,Economic good 定 free good？,economic good|free good,economic good|free good,Sunlight on a beach at Big Wave Bay|Free newspapers handed out at an MTR station|Air on a Lantau hiking trail|A free flu vaccine given by the government|Seawater in the open sea off Lantau|Bottled water sold at Ngong Ping,大浪灣沙灘上嘅陽光|港鐵站派嘅免費報紙|大嶼山行山徑上嘅空氣|政府免費提供嘅流感疫苗|大嶼山對開大海嘅海水|昂坪賣嘅樽裝水,2|1|2|1|2|1,Is the quantity enough for everyone's wants without using scarce resources to produce it?,數量係咪夠晒所有人要，而且唔使用 scarce resources 去生產？,"A free good is sufficient to satisfy all wants and has no production cost. Items given free of charge still use scarce resources, so they are economic goods.",Free good 數量足以滿足所有 wants，冇生產成本。免費派嘅嘢仍然用咗 scarce resources，所以係 economic goods。
saltling-S2,saltling,mc,scen,,(Fictional) A hotel in Tsim Sha Tsui gives guests Wi-Fi without charge. The Wi-Fi is:,（虛構）尖沙咀一間酒店俾住客免費用 Wi-Fi。呢個 Wi-Fi 係：,"an economic good, because providing it uses scarce resources|a free good, because guests pay nothing|a free good, because it is plentiful|neither kind of good",economic good，因為提供佢要用 scarce resources|free good，因為住客唔使俾錢|free good，因為好充足|兩樣都唔係,,,A,Does the hotel need equipment and staff to provide it?,酒店要唔要用設備同人手去提供？,"Whether a good is free depends on scarcity, not price. Providing Wi-Fi has a production cost, so it is an economic good.",係咪 free good 睇 scarcity，唔係睇價錢。提供 Wi-Fi 有生產成本，所以係 economic good。
saltling-S3,saltling,tf,scen,,"In 1963, Hong Kong's water supply was cut to 4 hours every 4 days. Fresh water in Hong Kong at that time was a free good.",1963 年，香港制水至每 4 日供水 4 個鐘。當時香港嘅淡水係 free good。,,,,,F,Was the quantity of fresh water enough to satisfy everyone's wants?,當時淡水數量夠唔夠滿足所有人嘅 wants？,"A free good must be sufficient to satisfy all wants. Water was rationed, so it was scarce: an economic good.",Free good 一定要夠滿足所有 wants。當時要制水，即係 scarce，所以係 economic good。
saltling-S4,saltling,mc,scen,,(Fictional) Sand on a remote Lantau beach is a free good. Which change would most likely make it an economic good?,（虛構）大嶼山一個偏僻沙灘嘅沙係 free good。以下邊個變化最有可能令佢變成 economic good？,"Builders want huge amounts, so it must be dug and transported and is no longer enough for all wants|The government says it is free of charge|A few more hikers walk on it|It appears in a travel photo",建築商要大量用，要挖要運，數量唔再夠滿足所有 wants|政府話佢免費|多咗幾個行山客行過|佢出現喺一張旅遊相入面,,,A,What condition must hold for a good to be free?,一樣嘢要係 free good，要符合咩條件？,"Once the quantity is insufficient to satisfy all wants and scarce resources are used to provide it, it becomes an economic good.",當數量唔夠滿足所有 wants，而且要用 scarce resources 去提供，就變成 economic good。
saltling-S5,saltling,fill,scen,,"(Fictional) A Tai O stall gives out free shrimp-paste samples. The samples are an ____ good, because making them uses ____ resources.",（虛構）大澳一個檔口免費派蝦醬試食。試食品係 ① good，因為製造佢哋要用 ② resources。,economic|scarce|free|unlimited,economic|scarce|free|unlimited,,,economic|scarce,A zero price does not decide the answer. What is used to make the samples?,唔使錢唔代表答案。整試食品用咗咩？,"Production uses scarce resources with alternative uses, so there is a cost: it is an economic good even though it is given free of charge.",生產用咗有其他用途嘅 scarce resources，所以有成本：雖然免費派，仍然係 economic good。
interoyster-01,interoyster,tf,,,People are willing to pay interest because they are impatient and want goods earlier.,人願意付利息，係因為人冇耐性，想早啲得到物品。,,,,,T,Would you rather have it now or in a year?,你寧願而家有，定一年後有？,Textbook: people are impatient.,課本：people are impatient。
interoyster-02,interoyster,tf,,,"For a borrower, interest is the compensation for postponing consumption.",對借方嚟講，利息係延遲消費嘅補償。,,,,,F,"Who postpones consumption, the borrower or the lender?",延遲消費嘅係借方定貸方？,"That is the lender's view. For a borrower, interest is the cost of earlier availability.",呢個係貸方嘅角度。借方付嘅係提早得到資源嘅成本。
interoyster-03,interoyster,mc,,,(Fictional) A fisherman borrows money to buy a motorised boat. The interest he pays is:,（虛構）一個漁民借錢買機動船，佢付嘅利息係：,the cost of earlier availability of resources|compensation for postponing consumption|a historical cost|a free good,提早得到資源嘅成本|延遲消費嘅補償|historical cost|free good,,,A,Is he the borrower or the lender?,佢係借方定貸方？,The borrower pays interest to have the boat now.,借方用利息換「而家就有船用」。
interoyster-04,interoyster,mc,,,"If the interest rate rises, which is most likely?",利率上升，以下邊項最可能發生？,willingness to borrow rises|willingness to save rises|present consumption rises|future consumption falls,借錢意願上升|儲蓄意願上升|現在消費增加|將來消費減少,,,B,Does saving pay more or less?,存錢嘅回報變高定變低？,"Compensation for postponing consumption rises, so people save more.",延遲消費嘅補償增加，人更願意儲蓄。
interoyster-05,interoyster,fill,,,"For a lender, interest is the ____ for postponing ____ of goods or resources.",對貸方嚟講，利息係延遲 ② 物品或資源嘅 ①。,compensation|consumption|cost|production,補償|消費|成本|生產,,,compensation|consumption,The lender gives up using it now.,貸方放棄咗「而家用」。,"The lender gives up present use, so needs compensation.",貸方放棄咗而家用，所以要補償。
interoyster-06,interoyster,fill,,,Interest can be expressed in terms of real goods or ____.,利息可以用 real goods 或者 ① 表示。,money|time|labour|land,金錢|時間|勞力|土地,,,money,Borrowing rice and repaying rice is real goods; the other is?,借米還米係 real goods，另一種係？,"E.g. borrow rice, repay rice; or borrow money, repay money.",例如借米還米，或者借錢還錢。
interoyster-07,interoyster,tf,,,"Borrow 10 catties of rice, repay 11 catties a year later: the extra catty is interest.",借咗 10 斤米，一年後還 11 斤米，多出嚟嗰 1 斤米都係利息。,,,,,T,Must interest be money?,利息一定要係錢咩？,Interest can be expressed in terms of real goods.,利息可以用實物表示。
interoyster-08,interoyster,sort,,,After the interest rate rises:,利率上升後，以下各項點變？,rises|falls,上升|下降,willingness to borrow|willingness to save|present consumption|future consumption|cost of earlier availability,借錢意願|儲蓄意願|現在消費|將來消費|提早得到資源嘅成本,2|1|2|1|1,Borrowing costs more; saving pays more.,借錢貴咗、存錢回報高咗。,Matches the textbook 'Effect of changes in interest rate'.,對照課本「Effect of changes in interest rate」。
interoyster-09,interoyster,mc,,,"(Fictional) A fisherman borrows $1,000 for nets and repays $1,100 a year later. The interest is:","（虛構）漁民借 $1,000 買網，一年後還 $1,100。利息係：","$100|$1,000|$1,100|$0","$100|$1,000|$1,100|$0",,,A,How much extra is repaid?,還多咗幾多？,The extra $100 repaid is the interest.,多還嘅 $100 就係利息。
interoyster-10,interoyster,tf,,,"If the interest rate falls, willingness to borrow to buy a motorised boat rises.",利率下降，借錢買機動船嘅意願會上升。,,,,,T,Does borrowing become cheaper or dearer?,借錢嘅成本變高定變低？,"The cost of earlier availability falls, so willingness to borrow rises.",提早得到資源嘅成本下降，借錢意願上升。
interoyster-11,interoyster,fill,,,"For a borrower, interest is the ____ for the earlier ____ of goods or resources.",對借方嚟講，利息係提早 ② 物品或資源嘅 ①。,cost|availability|compensation|consumption,成本|得到|補償|消費,,,cost|availability,Does the borrower pay or receive?,借方係付出定收取？,The borrower pays interest to get resources earlier.,借方付利息，換取提早得到資源。
interoyster-12,interoyster,mc,,,Why do savers receive interest?,點解存錢會收到利息？,they postpone consumption and are compensated|banks give away money|money is a free good|the government requires it,因為存款人延遲消費，要得到補償|因為銀行送錢|因為錢係 free good|因為政府規定,,,A,What does a saver give up?,存錢嘅人放棄咗啲咩？,The lender postpones consumption; interest is the compensation.,貸方延遲消費，利息係補償。
interoyster-S1,interoyster,mc,scen,,"(Fictional) Amy borrows $20,000 from a bank for a course and repays $21,200 one year later. The interest rate is:","（虛構）Amy 向銀行借 $20,000 讀課程，一年後還 $21,200。Interest rate 係：",1.2%|5.7%|6%|106%,1.2%|5.7%|6%|106%,,,C,Interest = repayment minus the amount borrowed. Divide by what?,Interest = 還款減借款。之後除以咩？,"Interest = $21,200 - $20,000 = $1,200. Interest rate = $1,200 / $20,000 = 6% per year.","Interest = $21,200 - $20,000 = $1,200。Interest rate = $1,200 / $20,000 = 每年 6%。"
interoyster-S2,interoyster,mc,scen,,"(Fictional) Uncle Wah lends 50 catties of dried shrimp to a neighbour and gets 55 catties back a year later. For Uncle Wah, the extra 5 catties are:",（虛構）華叔借咗 50 斤蝦乾俾隔籬，一年後攞返 55 斤。對華叔嚟講，多出嚟嘅 5 斤係：,"compensation for postponing consumption|the cost of earlier availability|not interest, because it is not money|a historical cost",延遲消費嘅補償|提早擁有嘅成本|唔係 interest，因為唔係錢|historical cost,,,A,Uncle Wah is the lender. What does he give up by lending?,華叔係借出嗰個。借出去佢放棄咗咩？,"For a lender, interest is compensation for postponing consumption. Interest can be in real goods or money.",對 lender 嚟講，interest 係延遲消費嘅補償。Interest 可以係實物或者錢。
interoyster-S3,interoyster,sort,scen,,(Fictional) Interest rates in Hong Kong rise. What happens to each?,（虛構）香港 interest rate 上升。以下每項會點？,rises|falls,上升|下降,Amount people borrow to buy flats|Saving in bank deposits|Present consumption|Future consumption|Borrowers' cost of earlier availability,市民借錢買樓嘅金額|銀行存款儲蓄|現在消費|將來消費|借款人提早擁有嘅成本,2|1|2|1|1,"Is borrowing more costly, and is saving more rewarding?",借錢貴咗，儲錢係咪著數咗？,A higher interest rate raises the cost of earlier availability and the reward for postponing consumption: borrowing and present consumption fall; saving and future consumption rise.,Interest rate 上升，提早擁有嘅成本同延遲消費嘅回報都上升：借貸同現在消費下降；儲蓄同將來消費上升。
interoyster-S4,interoyster,tf,scen,,"(Fictional) Jason borrows from his sister to buy a new phone now instead of saving for six months. For Jason, the interest he pays is the cost of having the phone earlier.",（虛構）Jason 問家姐借錢即刻買新手機，唔再儲六個月錢先買。對 Jason 嚟講，佢俾嘅 interest 係提早擁有手機嘅成本。,,,,,T,Jason is the borrower. What does he gain by borrowing?,Jason 係借款人。借錢令佢得到咩？,"For a borrower, interest is the cost of earlier availability of goods or resources.",對 borrower 嚟講，interest 係提早擁有貨物或資源嘅成本。
interoyster-S5,interoyster,fill,scen,,"(Fictional) Mei deposits $10,000 in a bank at 3% interest a year. After one year she receives ____ interest, which is her ____ for postponing consumption.","（虛構）阿美將 $10,000 存入銀行，年利率 3%。一年後佢收到 ① interest，呢個係佢延遲消費嘅 ②。","$300|compensation|$3,000|cost","$300|補償|$3,000|成本",,,$300|compensation,"Calculate 3% of $10,000. Mei is lending her money to the bank: is she paying or being paid?","計吓 $10,000 嘅 3%。阿美將錢借俾銀行，佢係俾錢定收錢？","Interest = $10,000 x 3% = $300. For a lender (saver), interest is compensation for postponing consumption.","Interest = $10,000 x 3% = $300。對 lender（儲蓄者）嚟講，interest 係延遲消費嘅補償。"
tripliq-01,tripliq,tf,,,'Using workers or machines to dry salt' is a 'how to produce' problem.,「用人手定用機器曬鹽」屬於 how to produce。,,,,,T,Is this choosing what to produce or the method?,呢個係揀生產咩，定係揀生產方法？,How to produce is the choice of production methods.,How to produce 係揀生產方法。
tripliq-02,tripliq,tf,,,'Should Tai O dry more salt or catch more fish' is a 'for whom to produce' problem.,「大澳應該多曬鹽定多打魚」屬於 for whom to produce。,,,,,F,Is this choosing what to produce or who gets it?,呢個係揀生產咩，定係揀俾邊個？,Choosing what and how much to produce is 'what to produce'.,揀生產咩、生產幾多，係 what to produce。
tripliq-03,tripliq,mc,,,'Which families get the yellow croaker' belongs to:,「邊啲家庭可以分到黃花魚」屬於：,what to produce|how to produce|for whom to produce|not an economic problem,生產咩|點生產|為誰生產|唔係經濟問題,,,C,Is it about who receives it?,係分配俾邊個嘅問題？,For whom is the choice of criteria for who can enjoy the goods.,For whom 係揀邊個可以享用嘅準則。
tripliq-04,tripliq,mc,,,The three basic economic problems arise from:,三個基本經濟問題源自：,scarcity|interest|the market|the government,稀少性|利息|市場|政府,,,A,Why must we choose what to produce?,點解要揀生產咩？,"Resources are insufficient, so we must choose what, how and for whom.",資源唔夠，所以要揀生產咩、點生產、俾邊個。
tripliq-05,tripliq,fill,,,The problem of 'for whom to produce' refers to the choice about the ____ for who can enjoy the goods and services.,「為誰生產」係指揀邊個可以享用物品同服務嘅 ①。,criteria|methods|types|quantities,準則|方法|種類|數量,,,criteria,"Highest bidder, first come first served – what are these?",價高者得、先到先得，呢啲叫乜？,"E.g. highest bidder, first come first served, need.",例如價高者得、先到先得、按需要分配。
tripliq-06,tripliq,fill,,,What to produce is the choice of the ____ and ____ of goods and services to produce.,What to produce 係揀生產嘅物品同服務嘅 ① 同 ②。,types|quantities|methods|criteria,種類|數量|方法|準則,,,types|quantities,'What' and 'how much'.,生產「咩」同「幾多」。,The choice of the types and quantities of goods and services to produce.,揀生產嘅種類同數量。
tripliq-07,tripliq,sort,,,Sort into the three basic economic problems:,分入三個基本經濟問題：,what|how|for whom,生產咩|點生產|為誰生產,how much salt to dry|bamboo raft or wooden boat to carry salt|lottery or bidding to decide who buys shrimp paste|grow vegetables or rice|peel shrimp by hand or by machine|first come first served for drinking water,曬幾多鹽|用竹排定木船運鹽|抽籤定出價決定邊個買到蝦醬|種菜定種稻|用人手定機器剝蝦|先到先得分配食水,1|2|3|1|2|3,"Ask: am I choosing what, how, or for whom?",問自己：揀緊「生產咩」、「點生產」，定係「俾邊個」？,"Ask: what to produce, how to produce, or for whom?",問自己：揀緊「生產咩」、「點生產」，定係「俾邊個」？
tripliq-08,tripliq,mc,,,Which economic systems face the three basic economic problems?,邊個經濟體系要面對三個基本經濟問題？,only market economies|only planned economies|all economic systems|only traditional economies,只有市場經濟|只有計劃經濟|所有經濟體系|只有傳統經濟,,,C,Which society has no scarcity?,邊個社會冇 scarcity？,All societies face scarcity; they differ only in how they solve it.,所有社會都有 scarcity，分別只係用咩方法解決。
tripliq-09,tripliq,mc,,,"During Hong Kong's 1963 water rationing, the government decided how to share limited water among residents. This mainly solves:",1963 年香港制水，政府決定點樣分配有限嘅食水俾全港市民。呢個主要解決：,for whom to produce|what to produce|how to produce|no problem,為誰生產|生產咩|點生產|冇解決任何問題,,,A,"The question is who gets water, and when.",問題係「邊個」幾時有水用。,Deciding who gets water and when is 'for whom'.,決定邊個、幾時得到食水，屬於 for whom。
tripliq-10,tripliq,tf,,,Without scarcity there would be no three basic economic problems.,如果冇 scarcity，就唔會有三個基本經濟問題。,,,,,T,"With unlimited resources, would we need to choose?",資源無限，仲使唔使揀？,All three problems come from scarcity.,三個問題都源自 scarcity。
tripliq-11,tripliq,fill,,,How to produce is the choice of ____ methods.,How to produce 係指揀 ① 嘅方法。,production|distribution|consumption|exchange,生產|分配|消費|交換,,,production,Which process does 'how' ask about?,How 問嘅係邊個過程？,How to produce: the choice of production methods.,How to produce：揀生產方法。
tripliq-12,tripliq,mc,,,Tai O fishermen decide whether to fish with trawl nets or hand lines. This is:,大澳漁民決定用拖網定用手釣捕魚，屬於：,how to produce|what to produce|for whom to produce|none of these,點生產|生產咩|為誰生產|三者都唔係,,,A,Are they choosing a method or a product?,佢哋揀緊方法定揀緊產品？,Choosing a fishing method is 'how to produce'.,揀捕魚方法，係 how to produce。
tripliq-S1,tripliq,mc,scen,,(Fictional) A Tung Chung bakery buys an automatic dough machine instead of hiring two more bakers. Which basic economic problem is it solving?,（虛構）東涌一間餅店買咗部自動搓粉機，唔再請多兩個師傅。佢解決緊邊個 basic economic problem？,what to produce|how to produce|for whom to produce|none of them,what to produce|how to produce|for whom to produce|全部都唔係,,,B,"Is the bakery choosing the product, the method, or the buyer?",餅店揀緊產品、生產方法，定係邊個享用？,"Choosing between labour and machines is a choice of production method, so it is 'how to produce'.",揀人手定機器，係揀生產方法，所以係 how to produce。
tripliq-S2,tripliq,mc,scen,,(Fictional) A Mui Wo guesthouse owner turns two bedrooms into a small café. Which problem is this?,（虛構）梅窩一個民宿老闆將兩間房改做細細間 café。呢個係邊個問題？,for whom to produce|how to produce|what to produce|whether scarcity exists,for whom to produce|how to produce|what to produce|有冇 scarcity,,,C,Did the kind of service he offers change?,佢提供嘅服務種類有冇改變？,"Producing café drinks instead of room nights changes the kinds and quantities of output, so it is 'what to produce'.",由租房改為賣飲品，改變咗產品嘅種類同數量，所以係 what to produce。
tripliq-S3,tripliq,sort,scen,,(Fictional) Sort these decisions of a Tai O dried-seafood shop:,（虛構）將大澳一間海味舖嘅決定分類：,what to produce|how to produce|for whom to produce,what to produce|how to produce|for whom to produce,make more dried squid and less salted fish|dry fish with an electric dryer instead of sunlight|keep the best fish maw for regular customers|start selling shrimp paste gift boxes|hire family members rather than outside workers|sell only to those who pay the highest price,多做魷魚乾、少做鹹魚|用電乾機代替曬太陽嚟整乾魚|將最靚嘅花膠留俾熟客|開始賣蝦醬禮盒|請屋企人而唔請外人做|只賣俾出價最高嘅人,1|2|3|1|2|3,"Ask: is it about the product, the method, or who gets it?",問自己：講緊產品、方法，定係邊個得到？,What = kinds and quantities of output; how = production methods; for whom = who can enjoy the output.,What 係產品種類同數量；how 係生產方法；for whom 係邊個享用。
tripliq-S4,tripliq,fill,scen,,"(Fictional) A Tai O boatyard has 60 worker-hours a week. A sampan takes 20 hours and a repair job takes 5 hours. If it builds 2 sampans, it can do ____ repair jobs. Choosing this output mix is a ____ problem.",（虛構）大澳一個船廠每星期有 60 個工時。整一隻舢舨要 20 個鐘，做一單維修要 5 個鐘。如果整 2 隻舢舨，仲可以做 ① 單維修。揀呢個產品組合係 ② 問題。,4|8|what to produce|how to produce,4|8|what to produce|how to produce,,,4|what to produce,How many hours are left after 2 sampans? Is the yard choosing products or methods?,整完 2 隻舢舨仲剩幾多個鐘？船廠揀緊產品定方法？,60 - 2 x 20 = 20 hours; 20 / 5 = 4 repair jobs. Deciding the kinds and quantities of output is 'what to produce'.,60 - 2 x 20 = 20 個鐘；20 / 5 = 4 單維修。決定產品種類同數量係 what to produce。
tripliq-S5,tripliq,tf,scen,,(Fictional) A Tai O noodle stall sells its last 10 bowls of the day only to regular customers. This is a 'how to produce' problem.,（虛構）大澳一個麵檔將當日最後 10 碗麵只賣俾熟客。呢個係 how to produce 問題。,,,,,F,"Is the stall deciding how to cook, or who gets the noodles?",麵檔決定緊點樣煮，定係邊個食到？,"Deciding who can enjoy the output is 'for whom to produce', not 'how to produce'.",決定邊個享用產品係 for whom to produce，唔係 how to produce。
tradiphin-01,tradiphin,tf,,,A traditional economy mainly uses customs and traditions to solve the three basic economic problems.,Traditional economy 主要用 customs and traditions 解決三個基本經濟問題。,,,,,T,What does 'traditional' rely on?,Traditional 即係靠乜？,This is the textbook glossary definition.,課本 glossary 定義。
tradiphin-02,tradiphin,tf,,,"In a traditional economy, production methods are mainly decided by market prices.",喺 traditional economy，生產方法主要由市場價格決定。,,,,,F,Does it rely on prices or customs?,Traditional economy 靠價格定係靠習俗？,It mainly follows customs and traditions.,主要跟習俗同傳統。
tradiphin-03,tradiphin,mc,,,"(Fictional) 'The father is a salt worker, so the son becomes a salt worker too' best reflects:",（虛構）「父親係鹽工，兒子長大都做鹽工」最能反映：,traditional economy|planned economy|market economy|circular flow,傳統經濟|計劃經濟|市場經濟|循環流程,,,A,What decides the son's job?,邊個決定個仔做邊行？,The job is decided by tradition.,職業由傳統決定。
tradiphin-04,tradiphin,mc,,,Which uses customs and traditions to solve 'for whom'?,以下邊個做法係用 customs and traditions 解決 for whom？,sharing the catch by seniority and custom|highest bidder wins|government rationing|auction,按輩份同習俗分配漁獲|價高者得|政府配給|拍賣,,,A,Which one relies on custom?,邊一個靠習俗？,Highest bidder and auction are market; rationing is government command.,價高者得同拍賣係 market，配給係 government command。
tradiphin-05,tradiphin,fill,,,A traditional economy mainly uses ____ and ____ to solve the three basic economic problems.,Traditional economy 主要用 ① 同 ② 解決三個基本經濟問題。,customs|traditions|commands|prices,習俗|傳統|命令|價格,,,customs|traditions,"Not commands, not prices.",唔係命令，唔係價格。,Compare the other two methods: commands and prices.,對照另外兩種方法：commands、prices。
tradiphin-06,tradiphin,sort,,,Three methods of solving the problems:,三種解決方法：,customs and traditions|government command|market mechanism,習俗與傳統|政府指令|市場機制,"inherited skills decide how shrimp paste is made|the government fixes each household's rice ration|salted fish price rises, more people make it|the eldest son inherits the father's boat|highest bidder wins|the government orders factory output",祖傳手藝決定點做蝦醬|政府規定每戶配給幾多米|鹹魚價錢升，多咗人曬鹹魚|長子繼承父親嘅船|價高者得|政府指令工廠生產幾多,1|2|3|1|3|2,"Each method has its own 'signal': tradition, command, price.",三種方法各有一個「訊號」：傳統、命令、價格。,"Each method has its own signal: tradition, command or price.",三種方法各有一個「訊號」：傳統、命令、價格。
tradiphin-07,tradiphin,tf,,,The textbook definitions say 'mainly' because real economies usually mix several methods.,課本定義用「mainly」，因為現實經濟體多數混合使用幾種方法。,,,,,T,Is the classification about 'all' or 'mainly'?,分類睇嘅係「全部」定「主要」？,Classify by the method mainly used.,分類睇「主要」用邊種方法。
tradiphin-08,tradiphin,mc,,,Which best describes 'how to produce' in a traditional economy?,邊個描述最似 traditional economy 嘅 how to produce？,dry salt the way the previous generation did|use the lowest-cost method|follow the government plan|follow consumer preferences,跟上一代嘅方法曬鹽|用成本最低嘅方法|按政府計劃|按消費者喜好,,,A,Where does the method come from?,方法由邊度嚟？,The method is handed down by tradition.,方法由傳統傳落嚟。
tradiphin-09,tradiphin,tf,,,"In a traditional economy, 'for whom to produce' can be decided by custom, e.g. by seniority.",Traditional economy 入面，for whom to produce 可以由習俗決定，例如按輩份分配。,,,,,T,Can custom decide distribution?,習俗可唔可以決定分配？,"Customs and traditions can solve all three problems, including for whom.",Customs and traditions 可以解決三個問題，包括 for whom。
tradiphin-10,tradiphin,mc,,,Which is LEAST like a traditional economy?,以下邊個最唔似 traditional economy？,salt price falls and salt workers switch jobs immediately|son follows father's trade|drying salt by ancestral methods|sharing by clan rules,鹽價跌，鹽工即刻轉行|子承父業|按祖傳方法曬鹽|按族規分配,,,A,Which one responds to a price signal?,邊一個係跟價格訊號行動？,Switching jobs because of prices is the market mechanism.,跟價格轉行係 market mechanism。
tradiphin-11,tradiphin,fill,,,An economic system that uses customs and traditions to solve the three basic economic problems is a ____ economy.,用 customs and traditions 解決三個基本經濟問題嘅經濟體系叫 ① economy。,traditional|planned|market|barter,傳統|計劃|市場|以物易物,,,traditional,The first half of Tradiphin's name.,Tradiphin 個名嘅前半部。,Traditional economy.,傳統經濟。
tradiphin-12,tradiphin,sort,,,By custom or by price?,按習俗定按價格？,customs and traditions|market mechanism,習俗與傳統|市場機制,inherited skills|highest bidder wins|eldest son inherits|more people join when price rises,祖傳手藝|價高者得|長子繼承|價錢升就多人做,1|2|1|2,Which ones follow price changes?,邊啲跟價格變化？,Price is the market's signal; custom is the traditional economy's signal.,價格係市場嘅訊號；習俗係傳統經濟嘅訊號。
tradiphin-S1,tradiphin,mc,scen,,"(Fictional) By village custom, a Tai O boat's catch of 80 catties is split: the owner's family takes half, and 4 crew share the rest equally. How much does each crew member get, and what decides 'for whom'?",（虛構）按村中習俗，大澳一條船捉到 80 斤魚：船主一家攞一半，其餘由 4 個船員平分。每個船員分到幾多？「for whom」由乜嘢決定？,10 catties; customs and traditions|20 catties; customs and traditions|10 catties; market prices|20 catties; government command,10 斤；customs and traditions|20 斤；customs and traditions|10 斤；market prices|20 斤；government command,,,A,"Half of 80 is left for the crew. Was the rule set by price, government, or custom?",80 斤一半留俾船員。規矩係價格、政府定係習俗定落嘅？,80 / 2 = 40; 40 / 4 = 10 catties each. Sharing by an inherited rule means customs and traditions solve 'for whom'.,80 / 2 = 40；40 / 4 = 10 斤。按傳落嚟嘅規矩分配，即係用 customs and traditions 解決 for whom。
tradiphin-S2,tradiphin,mc,scen,,"(Fictional) Tai O villagers keep making shrimp paste by hand the way their grandparents did, although a faster machine is available. 'How to produce' here is solved mainly by:",（虛構）大澳村民雖然有更快嘅機器，但仍然好似阿爺阿嫲咁用人手整蝦醬。呢度嘅 how to produce 主要靠乜嘢解決？,market prices|customs and traditions|government command|private property rights,market prices|customs and traditions|government command|private property rights,,,B,Why do they ignore the faster machine?,佢哋點解唔用更快嘅機器？,"The method is copied from past generations, so 'how to produce' is solved by customs and traditions.",生產方法沿用上一代，所以 how to produce 係由 customs and traditions 解決。
tradiphin-S3,tradiphin,sort,scen,,(Fictional) Which method is mainly used in each case?,（虛構）每個情況主要用邊種方法？,customs and traditions|government command|market price,customs and traditions|government command|market price,a walled-village clan passes farmland to sons by clan rules|a state planning bureau sets a steel output target|a Mong Kok phone shop raises prices when demand rises|fishermen fish only on days chosen by old festival practice|workers are assigned jobs by a government office,圍村按族規將田地傳俾仔|國家計劃部門定鋼鐵產量指標|旺角手機舖喺需求上升時加價|漁民只喺舊節慶習俗揀嘅日子出海|工人由政府部門分配工作,1|2|3|1|2,Who or what makes the decision in each case?,每個情況係邊個或乜嘢做決定？,Inherited practices = tradition; orders from government = command; changes in price = market.,傳統做法 = tradition；政府命令 = command；價格變動 = market。
tradiphin-S4,tradiphin,tf,scen,,(Fictional) A young fisherman in a traditional fishing community switches to a new type of net because fish prices rose. This shows custom solving 'how to produce'.,（虛構）一個傳統漁村嘅後生漁民因為魚價上升而改用新款漁網。呢個反映習俗解決 how to produce。,,,,,F,What made him change his method: custom or price?,令佢改變方法嘅係習俗定價格？,"He responds to a price change, so this is the market mechanism, not customs and traditions.",佢係回應價格變動，所以係 market mechanism，唔係 customs and traditions。
tradiphin-S5,tradiphin,fill,scen,,"(Fictional) Ah Fong's family has made salted fish for five generations, so she makes salted fish too. 'What to produce' is decided by ____, a feature of a ____ economy.",（虛構）阿芳屋企五代都整鹹魚，所以佢都整鹹魚。What to produce 由 ① 決定，呢個係 ② economy 嘅特徵。,custom|price|traditional|planned,習俗|價格|traditional|planned,,,custom|traditional,"Did anyone order her, or did a price attract her?",有冇人命令佢？定係價格吸引佢？,"Following the family's past practice means custom decides, which marks a traditional economy.",跟隨家族以往做法即係習俗決定，屬 traditional economy 嘅特徵。
commandra-01,commandra,tf,,,"In a planned economy, resources are mainly owned by the state.",Planned economy 入面，資源主要由 the state 擁有。,,,,,T,Check the textbook comparison table.,對照課本比較表。,This matches the textbook comparison table.,對照課本比較表。
commandra-02,commandra,tf,,,"In a planned economy, economic decisions are mainly made by private individuals.",Planned economy 入面，經濟決策主要由私人做。,,,,,F,Who does the planning?,Planned 係邊個計劃？,They are mainly made by the government.,主要由政府做。
commandra-03,commandra,mc,,,A planned economy mainly allocates resources by:,Planned economy 主要用咩分配資源？,government command|market prices|customs|lottery,政府指令|市場價格|習俗|抽籤,,,A,Look at Commandra's name.,Commandra 個名。,Resource allocation is guided by government command.,資源分配由政府指令引導。
commandra-04,commandra,mc,,,'Command economy' is another name for:,Command economy 係邊個嘅另一個名稱？,planned economy|market economy|traditional economy|barter economy,計劃經濟|市場經濟|傳統經濟|以物易物經濟,,,A,Command means order.,Command 即係命令。,Glossary: command economy – refer to planned economy.,Glossary：command economy 即 planned economy。
commandra-05,commandra,fill,,,A planned economy (or ____ economy) mainly uses government ____ to solve the three basic economic problems.,Planned economy（又叫 ① economy）主要用政府 ② 解決三個基本經濟問題。,command|commands|market|customs,指令（名稱）|指令|市場|習俗,,,command|commands,Watch singular and plural.,留意單數同複數。,Note: 'command economy' but 'government commands'.,留意單數同複數。
commandra-06,commandra,sort,,,Market economy or planned economy?,Market economy 定 planned economy？,market economy|planned economy,市場經濟|計劃經濟,resources mainly owned by private individuals|economic decisions mainly made by the government|resource allocation guided by market prices|distribution guided by government command,資源主要由私人擁有|經濟決策主要由政府做|資源分配由市場價格引導|物品分配由政府指令引導,1|2|1|2,The four rows of the textbook comparison table.,課本比較表四行。,These are the four rows of the textbook comparison table.,課本比較表四行。
commandra-07,commandra,mc,,,Which is a government command?,邊個係 government command？,"(Fictional) The government orders a factory to produce 10,000 tonnes of salt this year|salt price rises, workers dry more salt|father passes the trade to son|customers bargain",（虛構）政府規定工廠今年生產 1 萬噸鹽|鹽價升，鹽工多曬鹽|父傳子|顧客講價,,,A,Which one is an order from the government?,邊個係由政府下命令？,The output quantity is decided by the government.,生產數量由政府決定。
commandra-08,commandra,tf,,,"In a planned economy, goods and services are mainly distributed by government command.",喺 planned economy，物品同服務嘅分配主要靠 government command。,,,,,T,Who decides 'for whom'?,For whom 由邊個決定？,So 'for whom' is also decided by the government.,所以 for whom 亦由政府決定。
commandra-09,commandra,tf,,,A command economy and a planned economy are the same thing.,Command economy 同 planned economy 係同一樣嘢。,,,,,T,What does the glossary say?,Glossary 點寫？,Both names refer to the same economic system.,兩個名稱指同一種經濟體系。
commandra-10,commandra,mc,,,"In a planned economy, 'what to produce' is mainly decided by:",喺 planned economy，what to produce 主要由邊個決定？,the government|consumers|elders|lottery,政府|消費者|長輩|抽籤,,,A,Who gives the orders?,邊個下指令？,The government decides what to produce by command.,政府用指令決定生產咩。
commandra-11,commandra,fill,,,"In a planned economy, resources are mainly owned by ____.",喺 planned economy，資源主要由 ① 擁有。,the state|private individuals|elders|firms,國家|私人|長輩|廠商,,,the state,The opposite of a market economy.,同 market economy 相反。,Textbook table: resources mainly owned by the state.,課本比較表：資源主要由國家擁有。
commandra-12,commandra,mc,,,"During the 1963 water rationing, the government fixed water supply hours. This way of allocating is most like:",1963 年香港制水時，政府規定供水時間。呢個分配方法最似：,government command|market mechanism|customs and traditions|barter,政府指令|市場機制|習俗與傳統|以物易物,,,A,Who decided when there was water?,邊個決定幾時有水？,"Allocation by government order, not by price.",由政府命令分配，唔係價格。
commandra-S1,commandra,mc,scen,,"(Fictional) In a planned economy, the state allocates 1,000 tonnes of rice to a region of 50,000 people as equal rations. How much does each person get, and what decides 'for whom'?","（虛構）喺一個 planned economy，國家將 1,000 噸米平均配給一個有 50,000 人嘅地區。每人分到幾多？for whom 由乜嘢決定？",20 kg; government command|50 kg; government command|20 kg; market prices|2 kg; customs and traditions,20 公斤；government command|50 公斤；government command|20 公斤；market prices|2 公斤；customs and traditions,,,A,"1 tonne = 1,000 kg. Who decided the ration?","1 噸 = 1,000 公斤。配給係邊個決定？","1,000,000 kg / 50,000 = 20 kg each. Rations set by the state mean government command solves 'for whom'.","1,000,000 公斤 / 50,000 = 每人 20 公斤。國家定配給，即係 government command 解決 for whom。"
commandra-S2,commandra,mc,scen,,"(Fictional) In a planned economy, a factory manager sees long queues for bicycles but must still produce exactly the 5,000 bicycles in the state plan. What decides 'what to produce'?","（虛構）喺 planned economy，一個廠長見到買單車要排長龍，但仍然要按國家計劃只生產 5,000 架。What to produce 由乜嘢決定？",consumers' willingness to pay|the manager's own choice|the government's plan|village customs,消費者願意付嘅價錢|廠長自己嘅選擇|政府嘅計劃|村中習俗,,,C,Can the manager act on the queue?,廠長可唔可以因應條人龍而改變產量？,"Output follows the state plan, not consumer demand, so government command decides 'what to produce'.",產量跟國家計劃，唔跟消費者需求，所以係 government command 決定 what to produce。
commandra-S3,commandra,order,scen,,(Fictional) Put these steps of a planned economy in order:,（虛構）將 planned economy 嘅步驟排好次序：,,,the planning bureau sets output targets|state-owned factories are assigned raw materials and workers|factories produce according to their quotas|goods are distributed to people by government ration,計劃部門定產量指標|國營工廠獲分配原料同工人|工廠按配額生產|貨品按政府配給分俾市民,,What must be decided before resources can be assigned?,分配資源之前要先決定啲乜？,"The government decides what, then how (assigning resources), then for whom (distribution) – all by command.",政府先決定 what，再決定 how（分配資源），最後決定 for whom（分配產品），全部靠命令。
commandra-S4,commandra,tf,scen,,"(Fictional) In a planned economy, a farmer may sell the state-owned farmland he works on to his neighbour.",（虛構）喺 planned economy，一個農民可以將佢耕緊嘅國有農地賣俾鄰居。,,,,,F,Who owns the land in a planned economy?,Planned economy 入面土地屬於邊個？,"Resources are mainly owned by the state, so the farmer has no right to transfer the land.",資源主要屬國家所有，農民冇 right to transfer 嗰塊地。
commandra-S5,commandra,sort,scen,,(Fictional) Planned economy or market economy?,（虛構）Planned economy 定 market economy？,planned economy|market economy,planned economy|market economy,a state-owned steel mill meets a tractor quota|a graduate is assigned a job by the government|a family noodle shop sets its own prices|consumers choose which phone to buy with their own money|housing is allocated by a government office,國營鋼廠完成拖拉機配額|畢業生由政府分配工作|家庭麵舖自己定價|消費者用自己嘅錢揀買邊部手機|住屋由政府部門分配,1|1|2|2|1,Is the decision made by the state or by private individuals?,決定係由國家定係私人做？,State ownership and commands mark a planned economy; private decisions guided by price mark a market economy.,國家擁有資源同發命令係 planned economy；私人按價格做決定係 market economy。
marketail-01,marketail,tf,,,"Under the market mechanism, the market price is the signal to guide the allocation of resources.",喺 market mechanism 下，market price 係分配資源嘅訊號。,,,,,T,What does a price change tell producers?,價格升跌話俾生產者知啲咩？,Glossary: the market price is the signal to guide the allocation of resources.,Glossary：市場價格係引導資源分配嘅訊號。
marketail-02,marketail,tf,,,"In a market economy, resources are mainly owned by the government.",Market economy 入面，資源主要由政府擁有。,,,,,F,Compare with a planned economy.,對照 planned economy。,They are mainly owned by private individuals.,主要由私人擁有。
marketail-03,marketail,mc,,,"After WWII, competition from imported salt grew, and Tai O's salt industry declined in the 1950s–60s. This best reflects:",二戰後入口鹽競爭太大，大澳鹽業喺 1950–1960 年代日漸式微。呢個過程最能反映：,market mechanism|government command|customs and traditions|historical cost,市場機制|政府指令|習俗與傳統|歷史成本,,,A,Did anyone order salt workers to change jobs?,有冇人下命令叫鹽工轉行？,Price signals moved resources away; no one gave orders. Sources: The Mango Road; Tai O Heritage Hotel.,價格訊號令資源流走，冇人下令。來源：The Mango Road、大澳文物酒店。
marketail-04,marketail,mc,,,The market mechanism is also called:,Market mechanism 又叫：,price system|command system|tradition|barter,價格制度|指令制度|傳統|以物易物,,,A,What is the signal?,訊號係乜？,Glossary: market mechanism (or price system).,Glossary：market mechanism（或 price system）。
marketail-05,marketail,fill,,,"Under the market mechanism, the market ____ is the ____ to guide the allocation of resources.",喺市場機制下，市場 ① 係引導資源分配嘅 ②。,price|signal|command|custom,價格|訊號|指令|習俗,,,price|signal,A rise or fall in price is a…,價格升跌就係一個……,Price changes are the signal.,價格升跌就係訊號。
marketail-06,marketail,fill,,,"In a market economy, economic decisions are mainly made by ____.",Market economy 入面，經濟決策主要由 ① 做。,private individuals|the government|elders|the state,私人|政府|長輩|國家,,,private individuals,The opposite of a planned economy.,同 planned economy 相反。,Compare: in a planned economy the government decides.,對照 planned economy 由政府做。
marketail-07,marketail,sort,,,Three methods:,三種解決方法：,market|command|customs,市場|指令|習俗,"shrimp paste price rises, more people make it|1963 water rationing: government supplies water once every four days|elders decide who uses the pier",大澳蝦醬價升，多咗人做蝦醬|1963 年香港制水，政府規定每四日供水一次|按長輩決定邊個用碼頭位,1|2|3,"Which signal: price, command or tradition?",邊個訊號：價格、命令、傳統？,Water rationing was allocation by government command.,制水係政府用命令分配食水。
marketail-08,marketail,tf,,,"In a market economy, 'for whom to produce' is mainly decided by willingness and ability to pay.",喺 market economy，for whom to produce 主要由願唔願意同有冇能力付價錢決定。,,,,,T,Who gets to buy?,邊個買得到？,Distribution is mainly guided by market prices.,分配主要由 market prices 引導。
marketail-09,marketail,tf,,,The market mechanism is also called the price system.,Market mechanism 又叫 price system。,,,,,T,What does the glossary say?,Glossary 點寫？,Both names refer to the same thing.,兩個名稱指同一樣嘢。
marketail-10,marketail,mc,,,"If the price of Tai O shrimp paste rises, most likely:",大澳蝦醬價錢上升，最可能出現：,more people start making shrimp paste|the government sets output|it is shared by seniority|nobody reacts,更多人投入做蝦醬|政府規定產量|按輩份分配|冇人理,,,A,What signal does a higher price send?,價格上升係咩訊號？,A higher price attracts resources.,價格上升吸引資源流入。
marketail-11,marketail,fill,,,A market economy mainly uses the market ____ to solve the three basic economic problems.,Market economy 主要用市場 ① 解決三個基本經濟問題。,mechanism|command|tradition|barter,機制|指令|傳統|以物易物,,,mechanism,Another name for the price system.,Price system 嘅另一個名。,Market mechanism.,市場機制。
marketail-12,marketail,sort,,,Market or planned?,Market 定 planned？,market economy|planned economy,市場經濟|計劃經濟,private individuals decide what shop to open|government decides factory output|highest bidder wins|rationing by the government,私人決定開咩舖|政府決定工廠產量|價高者得|按政府配給,1|2|1|2,Who decides: private individuals or government?,邊個做決定：私人定政府？,Private decisions and price allocation = market; government decisions and rationing = planned.,私人決策、價格分配係 market；政府決策、配給係 planned。
marketail-S1,marketail,mc,scen,,"(Fictional) As more tourists visit Tai O, the price of a pack of dried squid rises from $80 to $100. By what percentage did the price rise, and what does it signal?",（虛構）遊客多咗去大澳，一包魷魚乾由 $80 升到 $100。價格升咗幾多個百分比？佢發出咩 signal？,20%; producers should make less|25%; producers should make more|25%; the government should set a quota|20%; producers should make more,20%；生產者應該少做|25%；生產者應該多做|25%；政府應該定配額|20%；生產者應該多做,,,B,Divide the rise by the original price. Does a higher price attract or repel producers?,用升幅除以原價。價格高咗會吸引定趕走生產者？,"(100 - 80) / 80 = 25%. Under the market mechanism, a higher price signals producers to shift more resources to that good.",(100 - 80) / 80 = 25%。喺 market mechanism 下，價格上升係 signal，引導生產者將更多資源轉去生產呢樣嘢。
marketail-S2,marketail,mc,scen,,"(Fictional) Only 30 seats are left on a weekend dolphin-watching boat trip in Tai O. The operator raises the fare, and the seats go to those willing and able to pay. This mainly shows the price system solving:",（虛構）大澳週末睇中華白海豚嘅船程只剩 30 個位。船家加價，個位就去咗願意又有能力俾錢嘅人。呢個主要反映 price system 解決：,what to produce|how to produce|for whom to produce|whether dolphins are scarce,what to produce|how to produce|for whom to produce|白海豚係咪稀少,,,C,The trip already exists. What is being decided about the seats?,船程已經有咗，而家決定緊啲位嘅乜嘢？,Allocating output to those willing and able to pay is how the market solves 'for whom to produce'.,將產品分俾願意又有能力付款嘅人，就係市場解決 for whom to produce 嘅方法。
marketail-S3,marketail,fill,scen,,"(Fictional) Shop rents near Tung Chung MTR station rise. A clothing shop moves out and a pharmacy that can pay more moves in. The shop space goes to the ____-paying user, and the decisions are made by ____.",（虛構）東涌港鐵站附近舖租上升，一間時裝店搬走，一間俾得起更高租金嘅藥房搬入。舖位去咗出價 ① 嘅使用者，而決定係由 ② 做。,higher|lower|private individuals|the government,較高|較低|private individuals|政府,,,higher|private individuals,"Who moved in, and did anyone order the move?",邊個搬入？有冇人命令佢哋搬？,"The price (rent) guides the resource to the user willing to pay more, through private decisions – the market mechanism at work.",價格（租金）引導資源去願意付更多嘅使用者，全靠私人決定，即係 market mechanism 運作。
marketail-S4,marketail,sort,scen,,"(Fictional) In a market economy, which problem does each price-driven change solve?",（虛構）喺 market economy，每個由價格帶動嘅改變解決邊個問題？,what to produce|how to produce|for whom to produce,what to produce|how to produce|for whom to produce,farmers grow more choy sum after its price rises|a restaurant switches to frozen fish as fresh fish gets dearer|concert tickets go to fans who pay the most|a factory replaces workers with machines after wages rise|shops stock more umbrellas when their price rises|a sea-view flat goes to the highest bidder,菜心價升，農夫種多啲菜心|鮮魚貴咗，餐廳改用急凍魚|演唱會飛去咗出價最高嘅 fans|工資上升，工廠用機器取代工人|雨遮價升，舖頭入多啲貨|海景單位賣咗俾出價最高嘅人,1|2|3|2|1|3,"Is the change about output, method, or who gets it?",改變係關於產品、方法，定係邊個得到？,"In the market, price changes guide output (what), input choices (how) and distribution by willingness and ability to pay (for whom).",市場入面，價格變動引導產出 (what)、投入選擇 (how)，同按意願及能力付款分配 (for whom)。
marketail-S5,marketail,tf,scen,,"(Fictional) In a market economy, a Tai O bakery owner must get government approval before deciding how many egg tarts to bake each day.",（虛構）喺 market economy，大澳一個餅店老闆要先得到政府批准，先可以決定每日焗幾多個蛋撻。,,,,,F,Who makes production decisions in a market economy?,Market economy 入面邊個做生產決定？,"In a market economy, economic decisions are mainly made by private individuals guided by prices, not by government approval.",喺 market economy，經濟決定主要由私人按價格做，唔使政府批准。
deedtle-01,deedtle,tf,,,"A complete set of private property rights includes the exclusive right to use, the exclusive right to receive income, and the right to transfer.",一套完整嘅 private property rights 包括 exclusive right to use、exclusive right to receive income 同 right to transfer。,,,,,T,Three rights.,三種權利。,All three rights are needed.,三種權利缺一不可。
deedtle-02,deedtle,tf,,,"If a salt pan owner cannot sell the salt pan, he still has complete private property rights.",如果一個鹽田業主唔可以將鹽田賣俾人，佢仍然擁有完整嘅 private property rights。,,,,,F,Which right is missing?,缺咗邊種權利？,The right to transfer is missing.,少咗 right to transfer。
deedtle-03,deedtle,mc,,,A stilt house owner rents the house to tourists. Which right is being used?,棚屋業主將間屋租俾遊客收租，行使緊邊種權利？,exclusive right to receive income|right to transfer|exclusive right to use|none,專有收益權|轉讓權|專有使用權|冇,,,A,What is rent?,租金係乜？,Rent is income.,租金係收入。
deedtle-04,deedtle,mc,,,An owner sells his fishing boat. He is using:,業主將漁船賣俾人，行使緊：,right to transfer|exclusive right to use|exclusive right to receive income|none,轉讓權|專有使用權|專有收益權|冇,,,A,Who does the ownership pass to?,擁有權轉咗俾邊個？,Ownership is transferred to someone else.,將擁有權轉俾其他人。
deedtle-05,deedtle,fill,,,"Private property rights enable ____, and exchange enables ____.",Private property rights 令 ① 成為可能，而 exchange 令 ② 成為可能。,exchange|specialisation|scarcity|command,交換|專門化|稀少性|指令,,,exchange|specialisation,Property rights → ? → ?,業權 → ？ → ？,This is the textbook relationship diagram.,課本關係圖。
deedtle-06,deedtle,sort,,,Match the action to the right:,行為配權利：,exclusive right to use|exclusive right to receive income|right to transfer,專有使用權|專有收益權|轉讓權,living in your own stilt house|renting out your boat|selling your salt pan|stopping strangers using your net,自己住棚屋|將船租出收租|將鹽田賣出|阻止陌生人用你張網,1|2|3|1,"Use, income, transfer.",用、收入、轉讓。,'Exclusive' means you can exclude others.,「exclusive」即係可以排除其他人。
deedtle-07,deedtle,mc,,,"Without private property rights, the most likely problem is:",冇 private property rights，最可能出現咩問題？,people are unwilling to trade because ownership is unclear|prices must rise|no scarcity|no interest,人唔願意交易，因為唔肯定件嘢屬於邊個|價格一定上升|冇 scarcity|冇 interest,,,A,Would you buy something when you are not sure it belongs to the seller?,你會唔會買一樣唔知係咪佢嘅嘢？,Clear ownership lets people trade with confidence.,業權清楚先可以放心交易。
deedtle-08,deedtle,tf,,,'Exclusive' in private property rights means others can be excluded from using it or receiving its income.,Private property rights 入面嘅「exclusive」即係可以排除其他人使用或者收取收入。,,,,,T,What does exclusive mean?,Exclusive 即係？,See the exclusive right to use and the exclusive right to receive income.,對照 exclusive right to use 同 exclusive right to receive income。
deedtle-09,deedtle,mc,,,A stilt house owner lives in the house himself. He is using:,棚屋業主自己住，行使緊：,exclusive right to use|right to transfer|exclusive right to receive income|none,專有使用權|轉讓權|專有收益權|冇,,,A,He uses it himself.,自己用。,The right to use.,使用權。
deedtle-10,deedtle,tf,,,"If the government bans the transfer of fishing boats, fishermen still have complete private property rights.",如果政府規定漁船唔可以轉讓，漁民仍然擁有完整嘅 private property rights。,,,,,F,Which right is missing?,缺咗邊種？,"Without the right to transfer, the set is incomplete.",少咗 right to transfer，唔完整。
deedtle-11,deedtle,fill,,,"The three rights: exclusive right to ____, exclusive right to receive ____, right to ____.",三種權利：專有 ① 權、專有收取 ② 權、③ 權。,use|income|transfer|vote,使用|收益|轉讓|投票,,,use|income|transfer,"Use, income, transfer.",用、收入、轉讓。,This is the textbook definition.,課本定義。
deedtle-12,deedtle,mc,,,"Without the right to transfer, the most direct effect is on:",冇 right to transfer，最直接影響：,exchange (buying and selling)|scarcity|the weather|interest,exchange（買賣）|scarcity|天氣|interest,,,A,"If it cannot be transferred, can it be sold?",唔可以轉讓，仲可唔可以賣？,"Without transfer rights, trading is difficult.",唔可以轉讓就難以交易。
deedtle-S1,deedtle,mc,scen,,"(Fictional) Mr Lee owns a flat in Tung Chung and rents it out for $15,000 a month. What is his rental income for one year, and which right does it come from?","（虛構）李生喺東涌有個單位，每月租 $15,000。佢一年租金收入係幾多？來自邊種權利？","$180,000; exclusive right to receive income|$150,000; exclusive right to receive income|$180,000; right to transfer|$180,000; exclusive right to use","$180,000；exclusive right to receive income|$150,000；exclusive right to receive income|$180,000；right to transfer|$180,000；exclusive right to use",,,A,"Multiply by 12. Is he using, selling, or earning from the flat?",乘 12。佢係自己用、賣咗，定係靠個單位收錢？,"$15,000 x 12 = $180,000. Earning rent from property is the exclusive right to receive income.","$15,000 x 12 = $180,000。靠物業收租係 exclusive right to receive income。"
deedtle-S2,deedtle,mc,scen,,"(Fictional) A rule says an owner of a Lantau village house may live in it and rent it out, but may not sell it for 10 years. Which statement is correct?",（虛構）有條規定話大嶼山村屋業主可以自住同出租，但 10 年內唔准賣。以下邊句啱？,"His right to use is restricted|His right to transfer is restricted, so his private property rights are incomplete|He still has complete private property rights|His right to receive income is removed",佢嘅 right to use 受限制|佢嘅 right to transfer 受限制，所以 private property rights 唔完整|佢仍然有完整嘅 private property rights|佢嘅 right to receive income 被取消,,,B,Which of the three rights is missing?,三種權利之中，邊種冇咗？,Complete private property rights need all three rights; banning sale removes the right to transfer.,完整嘅 private property rights 要有齊三種權利；唔准賣即係冇咗 right to transfer。
deedtle-S3,deedtle,sort,scen,,(Fictional) Ms Chan owns several assets. Which right is she exercising?,（虛構）陳小姐擁有幾樣資產，佢行使緊邊種權利？,exclusive right to use|exclusive right to receive income|right to transfer,exclusive right to use|exclusive right to receive income|right to transfer,she drives her own car to work|she stops others parking in her private parking space|she collects rent from her shop in Mui Wo|she receives dividends from shares she owns|she gives her flat to her daughter as a gift|she sells her old camera to a friend,佢揸自己架車返工|佢唔俾其他人泊佢嘅私人車位|佢收梅窩舖位嘅租|佢收自己持有股票嘅股息|佢將層樓送俾個女|佢將部舊相機賣俾朋友,1|1|2|2|3|3,"Is she using it, earning from it, or handing it to someone else?",佢係自己用、靠佢賺錢，定係交俾第二個？,Using or excluding others = right to use; rent and dividends = right to receive income; selling or giving away = right to transfer.,自己用或排除他人 = right to use；租金同股息 = right to receive income；賣出或送出 = right to transfer。
deedtle-S4,deedtle,fill,scen,,"(Fictional) Ah Kei owns 5 plots of farmland in Pui O and leases 2 of them at $3,000 per plot per month. His monthly rental income is $____, from his exclusive right to receive ____.","（虛構）阿基喺貝澳有 5 幅農地，將其中 2 幅出租，每幅每月 $3,000。佢每月租金收入係 $①，來自佢嘅 exclusive right to receive ②。",6000|15000|income|transfer,6000|15000|income|transfer,,,6000|income,How many plots are actually leased?,實際租出咗幾多幅？,"2 x $3,000 = $6,000. Only leased plots earn rent, through the exclusive right to receive income.","2 x $3,000 = $6,000。只有租出嘅地先有租金，來自 exclusive right to receive income。"
deedtle-S5,deedtle,tf,scen,,"(Fictional) Squatters use Mr Wong's empty land in Mui Wo without permission, and he has no legal way to stop them. His exclusive right to use the land is well protected.",（虛構）有人未經許可佔用黃生喺梅窩嘅空地，而佢冇法律途徑阻止。佢對呢塊地嘅 exclusive right to use 受到充分保障。,,,,,F,What does 'exclusive' mean?,「exclusive」係咩意思？,"Exclusive means the owner can exclude others; if he cannot stop the squatters, the right is not protected.",Exclusive 即係業主可以排除其他人；佢阻止唔到佔用者，即係權利冇受保障。
swapgull-01,swapgull,tf,,,Exchange must use money.,Exchange 一定要用錢。,,,,,F,Does barter use money?,以物易物用唔用錢？,Exchange can take place with or without the use of money.,交換可以用錢，亦可以唔用錢。
swapgull-02,swapgull,tf,,,Barter means direct exchange of goods without the use of money.,Barter 即係唔用錢，直接以物易物。,,,,,T,Glossary definition.,Glossary 定義。,Glossary: direct exchange of goods without the use of money.,Glossary：唔用錢嘅直接以物易物。
swapgull-03,swapgull,mc,,,(Fictional) Salt workers trade salt for rice; fishermen focus on fishing and trade fish for salt. This shows:,（虛構）鹽工用鹽換米，漁民專心打魚再用魚換鹽。呢個情況反映：,exchange makes specialisation possible|specialisation removes scarcity|government command|historical cost,exchange 令 specialisation 成為可能|specialisation 令 scarcity 消失|government command|historical cost,,,A,"Without exchange, would they dare to do only one thing?",冇得交換，佢哋敢唔敢淨做一樣？,Being able to exchange lets people specialise.,可以交換，先放心專做一樣嘢。
swapgull-04,swapgull,mc,,,Specialisation means:,Specialisation 係指：,different people or economies focus on producing different goods or different production stages of a good|everyone produces everything themselves|the government assigns everyone's job|no trade,不同人或經濟體專注生產不同物品，或者同一物品嘅不同生產階段|每個人自己生產所有嘢|政府指定每個人做乜|冇交易,,,A,Glossary definition.,Glossary 定義。,Glossary definition.,Glossary 定義。
swapgull-05,swapgull,fill,,,Specialisation occurs when different people focus on producing different ____ or different production ____ of a good.,Specialisation 係指不同人專注生產不同 ①，或者同一物品嘅不同生產 ②。,goods|stages|prices|rights,物品|階段|價格|權利,,,goods|stages,"One product, or one step.",專做一樣物品，或者一個工序。,Two ways to specialise.,兩種專注方式。
swapgull-06,swapgull,order,,,Put in order:,排次序：,,,private property rights|exchange|specialisation,私有產權|交換|專門化,,Which makes which possible?,邊個令邊個成為可能？,"Without property rights, exchange is hard; without exchange, no one dares to specialise.",冇業權就難交換，冇交換就唔敢專門化。
swapgull-07,swapgull,tf,,,"If exchange were impossible, a person who only dried salt would find it hard to live.",如果唔可以交換，一個人淨係專做曬鹽會好難生活。,,,,,T,What would he eat and wear?,佢食乜、住乜？,He needs to trade salt for other necessities.,佢需要用鹽換其他生活所需。
swapgull-08,swapgull,mc,,,"In Tai O some make shrimp paste, some salted fish, some fish. How do they mainly get other things they need?",大澳有人專做蝦醬、有人專做鹹魚、有人專打魚，佢哋之間主要靠咩取得其他所需？,exchange|scarcity|interest|discrimination,交換|稀少性|利息|歧視,,,A,"If you only make one thing, where do the others come from?",專做一樣，其他嘢點嚟？,Specialisation relies on exchange.,Specialisation 要靠 exchange 支撐。
swapgull-09,swapgull,mc,,,Fishermen trade fish for rice without money. This is called:,漁民用魚換米，冇用錢，呢種交易叫：,barter|command|interest|specialisation,以物易物|指令|利息|專門化,,,A,Exchange without money.,唔用錢嘅交換。,Barter is direct exchange of goods.,Barter 係直接以物易物。
swapgull-10,swapgull,tf,,,Specialisation can mean focusing on different production stages of the same good.,Specialisation 可以係專注生產同一物品嘅唔同生產階段。,,,,,T,Peeling and drying shrimp – same good?,剝蝦、曬蝦，係咪同一物品？,"E.g. one person only peels shrimp, another only dries them.",例如有人專剝蝦、有人專曬，都係 specialisation。
swapgull-11,swapgull,fill,,,Exchange can take place ____ or ____ the use of money.,交換可以 ① 或者 ② 使用金錢。,with|without|only|never,有|唔|只|永不,,,with|without,With money or without both work.,用錢同唔用錢都得。,Barter is exchange without money.,Barter 就係唔用錢。
swapgull-12,swapgull,sort,,,Specialisation or not?,有冇 specialisation？,specialisation|no specialisation,專門化|冇專門化,"some make shrimp paste, some fish|each family grows rice, fishes and dries salt itself|some only peel shrimp, some only dry them|doing everything yourself",有人專做蝦醬、有人專打魚|每家人自己種米、打魚、曬鹽|有人專責剝蝦、有人專責曬|自己做晒所有嘢,1|2|1|2,Does each person focus on one thing or do everything?,每個人係專做一樣，定乜都做？,Focusing on one good or one stage is specialisation.,專注生產某樣物品或某個階段先係 specialisation。
swapgull-S1,swapgull,mc,scen,,"(Fictional) Mei, a tailor in Sham Shui Po, sews shirts all day and never cooks. She buys all her meals from a cha chaan teng. What makes it possible for her to specialise like this?",（虛構）深水埗裁縫阿美成日淨係車恤衫，從來唔煮飯，三餐都喺茶餐廳買。佢可以咁樣 specialise，最主要係因為乜嘢？,She can exchange her shirts (or the money earned) for food|She has no wants for food|Food is a free good in Sham Shui Po|The government gives her meals for free,佢可以用恤衫（或者賺返嚟嘅錢）exchange 食物|佢對食物冇 wants|食物喺深水埗係 free good|政府免費派飯畀佢,,,A,"If she could not trade, where would her food come from?",如果佢唔可以交易，佢啲食物會喺邊度嚟？,Exchange enables specialisation: a person can focus on one good only if she can exchange it for the other goods she needs.,Exchange enables specialisation：一個人可以透過 exchange 攞到其他所需物品，先可以專注生產一樣嘢。
swapgull-S2,swapgull,tf,scen,,(Fictional) Ah Fai rents a flat in Tsuen Wan from a landlord. He cannot sell the flat to a buyer because he does not have the right to transfer it.,（虛構）阿輝喺荃灣向業主租咗一個單位。佢唔可以將個單位賣畀人，因為佢冇 right to transfer。,,,,,T,Which of the three private property rights does a tenant usually lack?,租客通常冇咗 private property rights 三種權利入面邊一種？,"A tenant has the right to use but not the right to transfer. Without the right to transfer, he cannot exchange (sell) the flat: private property rights enable exchange.",租客有 right to use，但冇 right to transfer，所以唔可以 exchange（賣）個單位。Private property rights enable exchange。
swapgull-S3,swapgull,sort,scen,,(Fictional) Classify each exchange in Tai Po:,（虛構）將以下大埔嘅交易分類：,barter (no money)|exchange with money,barter（冇用錢）|用錢嘅 exchange,a farmer swaps 3 kg of choi sum for 10 eggs|a student pays $20 for a bowl of noodles|a neighbour fixes a bike in return for a haircut|a tourist taps an Octopus card to buy a drink|two collectors swap stamps,農夫用 3 kg 菜心換 10 隻雞蛋|學生俾 $20 買一碗麵|鄰居幫人整單車，換返對方幫佢剪頭髮|遊客拍八達通買飲品|兩個集郵迷互相交換郵票,1|2|1|2|1,Is money used as the medium of exchange?,有冇用錢做交易媒介？,Barter is the direct exchange of goods or services without money; paying with cash or an Octopus card is exchange with money.,Barter 係唔用錢、直接以物易物（或服務）；用現金或八達通付款就係用錢嘅 exchange。
swapgull-S4,swapgull,mc,scen,,"(Fictional) In a Kwun Tong workshop, 3 workers each made whole toys: 30 toys a day in total. They then split the work into cutting, sewing and packing, and made 45 toys a day. Which is correct?",（虛構）觀塘一間工場有 3 個工人，以前每人由頭到尾整成件玩具，每日合共 30 件。後來分工做剪裁、車縫、包裝，每日整到 45 件。以下邊句啱？,Output rose by 15 toys (50%); this is specialisation in different production stages|Output rose by 15 toys (50%); this is specialisation in different goods|Output rose by 45 toys; this is barter|Output rose by 15 toys (33%); this is specialisation in different production stages,產量增加 15 件（50%）；呢個係喺不同 production stages 嘅 specialisation|產量增加 15 件（50%）；呢個係生產不同 goods 嘅 specialisation|產量增加 45 件；呢個係 barter|產量增加 15 件（33%）；呢個係喺不同 production stages 嘅 specialisation,,,A,"Compute 45 minus 30, then divide by the original 30. Are they making different goods or different steps of the same toy?",計吓 45 減 30，再除返原本嘅 30。佢哋係整唔同貨品，定係同一件玩具嘅唔同步驟？,"Increase = 45 - 30 = 15 toys, i.e. 15/30 = 50%. Each worker focuses on one stage of producing the same good: specialisation in different production stages.",增加 = 45 - 30 = 15 件，即 15/30 = 50%。每個工人專注同一貨品嘅其中一個步驟，係不同 production stages 嘅 specialisation。
swapgull-S5,swapgull,order,scen,,(Fictional) Put the chain of reasoning for a Lamma Island fishing village in order:,（虛構）將南丫島漁村嘅推理次序排好：,,,"Each fisherman has exclusive ownership of his catch|He can transfer the catch to others, so exchange takes place|Knowing he can get rice and oil by exchange, he fishes full-time|Specialisation raises the village's total output",每個漁民對自己嘅漁獲有 exclusive ownership|佢可以將漁獲 transfer 畀人，所以出現 exchange|知道可以透過 exchange 換到米同油，佢就全職打魚|Specialisation 令成條村嘅總產量增加,,What must exist before anyone can sell something?,要賣嘢之前，先要有乜嘢？,"Private property rights enable exchange, and exchange enables specialisation, which raises output.",Private property rights enable exchange，exchange enables specialisation，令產量增加。
queuepus-01,queuepus,tf,,,Scarcity leads to competition.,Scarcity 令 competition 出現。,,,,,T,"If there isn't enough, how do we decide who gets it?",唔夠分，點決定邊個有？,"When resources are not enough, we must decide who gets them.",資源唔夠分，就要決定邊個得到。
queuepus-02,queuepus,tf,,,"In economics, discrimination only means racial discrimination.",經濟學入面嘅 discrimination 只係指種族歧視。,,,,,F,What happens to losers in competition?,Competition 輸咗嘅人會點？,It refers to the losers in competition not getting the goods.,泛指 competition 入面輸咗嘅人得唔到物品。
queuepus-03,queuepus,mc,,,'Highest bidder wins' is:,價高者得屬於：,price competition|non-price competition|government command|barter,價格競爭|非價格競爭|政府指令|以物易物,,,A,What is the criterion?,準則係乜？,Price is the criterion.,以價格做準則。
queuepus-04,queuepus,mc,,,Queuing first come first served for yellow croaker is:,排隊先到先得買黃花魚屬於：,non-price competition|price competition|no competition|exchange,非價格競爭|價格競爭|冇競爭|交換,,,A,Is the criterion price or time?,準則係價格定時間？,"The criterion is order of arrival, not price.",準則係時間先後，唔係價格。
queuepus-05,queuepus,fill,,,Competition implies ____. Only winners can get the goods or resources.,Competition 意味住 ①。只有贏家先得到物品或資源。,discrimination|cooperation|scarcity|specialisation,歧視|合作|稀少性|專門化,,,discrimination,Losers don't get it.,輸咗嘅人得唔到。,Losers are 'discriminated against' – they do not get the goods.,輸咗嘅人被「歧視」，即係得唔到。
queuepus-06,queuepus,fill,,,The purpose of competition is to determine who can obtain the goods or resources and ____ they can get.,Competition 嘅目的係決定邊個得到物品或資源，同埋得到 ①。,how much|how|why|when,幾多|點樣|點解|幾時,,,how much,"Who, and…",邊個，同……,It decides 'who' and 'how much'.,決定「邊個」同「幾多」。
queuepus-07,queuepus,sort,,,Price or non-price competition?,Price 定 non-price competition？,price competition|non-price competition,價格競爭|非價格競爭,"the highest bidder buys it|queuing, first come first served|lottery|school admission by exam results|auctioning the catch|choosing by personal connections",出價最高嘅買家買到|排隊先到先得|抽籤|按考試成績收生|拍賣漁獲|按關係揀人,1|2|2|2|1|2,Is the criterion price?,準則係咪價格？,Check whether the criterion is price.,睇準則係咪價格。
queuepus-08,queuepus,mc,,,"During Hong Kong's 1963 water rationing, people queued with buckets for water. This is:",1963 年香港制水期間，市民拎住水桶排隊輪水。呢個係：,non-price competition|price competition|no competition|specialisation,非價格競爭|價格競爭|冇競爭|專門化,,,A,What decided who got water?,邊個攞到水靠乜？,"The criterion was queuing time and effort, not price.",準則係排隊時間同體力，唔係價格。
queuepus-09,queuepus,tf,,,Non-price competition also involves discrimination.,Non-price competition 都會有 discrimination。,,,,,T,What happens to those who don't get through the queue?,排隊排唔到嘅人會點？,"Every competition has losers, and losers are discriminated against.",任何 competition 都有輸家，輸家就被 discriminated against。
queuepus-10,queuepus,mc,,,Selling fresh catch by auction is:,用拍賣方式賣新鮮漁獲，屬於：,price competition|non-price competition|barter|government command,價格競爭|非價格競爭|以物易物|政府指令,,,A,What decides an auction?,拍賣靠乜決定？,The highest bid wins – price is the criterion.,出價最高者得，以價格做準則。
queuepus-11,queuepus,fill,,,Scarcity → ____ → discrimination.,Scarcity → ① → discrimination。,competition|exchange|specialisation|consumption,競爭|交換|專門化|消費,,,competition,Not enough → compete → some miss out.,唔夠分 → 爭 → 有人得唔到。,This is the textbook relationship diagram.,課本關係圖。
queuepus-12,queuepus,mc,,,Allocating stilt house spaces by lottery is:,按抽籤分配棚屋位屬於：,non-price competition|price competition|exchange|no competition,非價格競爭|價格競爭|交換|冇競爭,,,A,Does a lottery depend on price?,抽籤靠唔靠價格？,A lottery is a criterion other than price.,抽籤係價格以外嘅準則。
queuepus-S1,queuepus,mc,scen,,"(Fictional) A concert at the Hong Kong Coliseum has 10,000 seats but 80,000 fans apply online. Tickets are given by lucky draw at a fixed price. What is the criterion of discrimination here?","（虛構）紅館一場演唱會有 10,000 個位，但有 80,000 個 fans 網上申請，門票以固定價錢抽籤分配。呢度 discrimination 嘅準則係乜嘢？",luck|willingness and ability to pay the highest price|being first in the queue|age,運氣|願意兼有能力俾最高價|排頭位|年齡,,,A,Does paying more or arriving earlier help you win a lucky draw?,俾多啲錢或者早啲到，會唔會令你抽中？,"A lucky draw is non-price competition; the winners are chosen by luck, so luck is the criterion of discrimination.",抽籤係 non-price competition，靠運氣決定邊個得到，所以 discrimination 嘅準則係運氣。
queuepus-S2,queuepus,sort,scen,,(Fictional) Price or non-price competition among buyers?,（虛構）以下買家之間係 price 定 non-price competition？,price competition|non-price competition,price competition|non-price competition,a rare car plate goes to the highest bidder at auction|free flu shots at a clinic go to the first 100 people in line|a Sai Kung sea-view flat is sold to the buyer offering the most|a school picks students by interview performance|free seats on a harbour tour are drawn by lottery,一個罕有車牌拍賣，出價最高者得|診所免費流感針，排頭 100 個先有|西貢海景單位賣畀出價最高嘅買家|學校按面試表現揀學生|維港遊免費座位以抽籤分配,1|2|1|2|2,"Is the winner decided by who pays the most, or by something else?",決定邊個得到嘅，係邊個俾錢最多，定係其他準則？,"Price competition: the good goes to those who pay the highest price. Non-price competition uses other criteria such as queuing, luck or merit.",Price competition：俾最高價者得。Non-price competition 用其他準則，例如排隊、運氣、表現。
queuepus-S3,queuepus,mc,scen,,"(Fictional) A Central restaurant has one table left for Christmas Eve. Three customers bid for it: A $500, B $800, C $650. Under price competition, who gets it and how many customers are discriminated against?",（虛構）中環一間餐廳平安夜淨返一張枱，三個客人出價：A $500、B $800、C $650。用 price competition，邊個得到？有幾多個客人被 discriminate？,B gets it; 2 customers are discriminated against|A gets it; 2 customers are discriminated against|B gets it; no one is discriminated against|C gets it; 1 customer is discriminated against,B 得到；2 個客人被 discriminate|A 得到；2 個客人被 discriminate|B 得到；冇人被 discriminate|C 得到；1 個客人被 discriminate,,,A,"Under price competition, which bid wins? Are the losers excluded?",Price competition 之下，邊個出價會贏？輸咗嘅人係咪被排除？,"The highest bidder (B, $800) wins; A and C are excluded, so 2 are discriminated against. Competition implies discrimination.",出價最高嘅 B（$800）得到，A 同 C 被排除，即 2 人被 discriminate。Competition implies discrimination。
queuepus-S4,queuepus,fill,scen,,"(Fictional) Only 50 free Ngong Ping 360 tickets are offered but 300 people want them. Because of ____, people ____ for them, and the rule 'first 50 in line' is the basis of ____.",（虛構）只有 50 張免費昂坪 360 門票，但有 300 人想要。因為 ①，大家要 ②，而「排頭 50 個先有」就係 ③ 嘅準則。,scarcity|compete|discrimination|production,scarcity|競爭|discrimination|production,,,scarcity|compete|discrimination,What is the chain that starts when wants exceed the quantity available?,想要嘅數量多過可以提供嘅數量，會引發咩連鎖關係？,"Scarcity leads to competition; competition implies discrimination, here by queuing (non-price competition).",Scarcity 引致 competition，competition implies discrimination；呢度用排隊（non-price competition）做準則。
queuepus-S5,queuepus,tf,scen,,"(Fictional) A Mong Kok toy shop sells a hot new toy only to those who pay $2,000. Since anyone can pay, no one is discriminated against.","（虛構）旺角一間玩具舖將一款熱門新玩具以 $2,000 出售，俾得起就買到。因為人人都可以俾錢，所以冇人被 discriminate。",,,,,F,"Can everyone afford or be willing to pay $2,000?","係咪人人都俾得起、或者願意俾 $2,000？",Price competition also discriminates: people unwilling or unable to pay the price are excluded. Every form of competition implies discrimination.,Price competition 都有 discrimination：唔願意或冇能力俾錢嘅人被排除。任何 competition 都 implies discrimination。
triactiv-01,triactiv,tf,,,Consumption refers to the activity to satisfy human wants directly.,Consumption 係直接滿足人類 wants 嘅活動。,,,,,T,Glossary definition.,Glossary 定義。,This is the glossary definition.,Glossary 定義。
triactiv-02,triactiv,tf,,,Turning silver shrimp into shrimp paste is consumption.,將銀蝦曬成蝦醬係 consumption。,,,,,F,Is this turning inputs into output?,呢個係將 inputs 變成 output 嗎？,Turning inputs into output is production.,將 inputs 變成 output，係 production。
triactiv-03,triactiv,mc,,,A tourist buying shrimp paste at Tai O market is:,遊客喺大澳街市買蝦醬屬於：,exchange|production|consumption|none of these,交換|生產|消費|以上皆非,,,A,What kind of activity is buying and selling?,買賣係邊種活動？,Buying and selling is exchange.,買賣即係交換。
triactiv-04,triactiv,mc,,,A tourist eating shrimp paste fried rice is:,遊客食蝦醬炒飯屬於：,consumption|production|exchange|none of these,消費|生產|交換|以上皆非,,,A,It satisfies wants directly.,直接滿足 wants。,It satisfies wants directly.,直接滿足 wants。
triactiv-05,triactiv,fill,,,Production refers to the activity of turning ____ into ____.,Production 係將 ① 變成 ② 嘅活動。,inputs|output|wants|money,投入|產出|慾望|金錢,,,inputs|output,Inputs become output.,投入變產出。,This is the glossary definition.,Glossary 定義。
triactiv-06,triactiv,sort,,,"Production, exchange or consumption?",Production、exchange 定 consumption？,production|exchange|consumption,生產|交換|消費,fishermen catching silver shrimp|drying shrimp paste|buying and selling at the market|a tourist eating shrimp paste fried rice|trading salt for rice|a tour guide explaining to a group,漁民捉銀蝦|曬蝦醬|街市買賣|遊客食蝦醬炒飯|鹽換米|導遊帶團講解,1|1|2|3|2|1,Is guiding a tour providing a service?,導遊講解係咪提供服務？,Trap: providing services is also production.,陷阱：提供服務都係 production。
triactiv-07,triactiv,tf,,,Providing services (e.g. a tour guide explaining) is also production.,提供服務（例如導遊講解）都係 production。,,,,,T,Is a service an output?,服務係唔係 output？,Services are output too.,服務都係 output。
triactiv-08,triactiv,mc,,,Firms are ____ units and households are ____ units:,Firms 係 ____ 單位，households 係 ____ 單位：,"production, consumption|consumption, production|exchange, production|consumption, exchange",生產、消費|消費、生產|交換、生產|消費、交換,,,A,"Who produces, who consumes?",邊個生產、邊個消費？,Glossary: firms are production units; households are consumption units.,Glossary：firms 係生產單位；households 係消費單位。
triactiv-09,triactiv,tf,,,Exchange can take place without money.,Exchange 可以唔用錢。,,,,,T,Does barter use money?,Barter 用唔用錢？,Barter is exchange without money.,Barter 就係唔用錢嘅交換。
triactiv-10,triactiv,mc,,,Fishermen selling silver shrimp to a shrimp paste factory is:,漁民將銀蝦賣俾蝦醬工場，屬於：,exchange|production|consumption|none of these,交換|生產|消費|以上皆非,,,A,Is this step buying/selling or producing?,呢一步係買賣定生產？,Selling is exchange.,賣出係交換。
triactiv-11,triactiv,fill,,,"Firms are ____ units, and households are ____ units.",Firms 係 ① 單位，households 係 ② 單位。,production|consumption|exchange|government,生產|消費|交換|政府,,,production|consumption,What do factories and families each do?,工場同家庭各做乜？,This is the glossary definition.,Glossary 定義。
triactiv-12,triactiv,order,,,Put in order from start to finish:,由頭到尾排次序：,,,catch silver shrimp|make shrimp paste|sell to tourists|tourists eat it,捕銀蝦|曬製蝦醬|賣俾遊客|遊客食,,The journey of shrimp paste from sea to mouth.,蝦醬由海到口嘅路線。,Production → production → exchange → consumption.,Production → production → exchange → consumption。
triactiv-S1,triactiv,sort,scen,,"(Fictional) Production, exchange or consumption?",（虛構）Production、exchange 定 consumption？,production|exchange|consumption,production|exchange|consumption,a Tung Chung hairdresser cutting a customer's hair|a van driver delivering parcels|a passenger paying the bus fare with an Octopus card|a family watching a film they bought|a customer handing $30 to a stall for fish balls|a child eating the fish balls,東涌髮型師幫客人剪頭髮|貨車司機送貨|乘客用八達通俾巴士車費|一家人睇佢哋買返嚟嘅電影|客人俾 $30 小販買魚蛋|小朋友食魚蛋,1|1|2|3|2|3,"Is it making a good or service, trading, or using it to satisfy a want directly?",係製造貨品或服務、進行交易，定係直接用嚟滿足 wants？,Services such as hairdressing and delivery are production; trading goods for money is exchange; using goods to satisfy wants directly is consumption.,剪髮、送貨等服務都係 production；用錢換貨係 exchange；直接用貨品滿足 wants 係 consumption。
triactiv-S2,triactiv,mc,scen,,(Fictional) Ah Lok works as a chef in a Tai O restaurant by day and eats dinner at home with his family at night. Which is correct?,（虛構）阿樂日頭喺大澳一間餐廳做廚師，夜晚返屋企同家人食飯。以下邊句啱？,The restaurant is a production unit; Ah Lok's family is a consumption unit|The restaurant is a consumption unit; Ah Lok's family is a production unit|Both are production units|Both are consumption units,餐廳係 production unit；阿樂屋企係 consumption unit|餐廳係 consumption unit；阿樂屋企係 production unit|兩者都係 production unit|兩者都係 consumption unit,,,A,"What is the main role of a firm, and of a household?",Firm 同 household 嘅主要角色分別係乜？,Firms are production units; households are consumption units.,Firms 係 production units；households 係 consumption units。
triactiv-S3,triactiv,mc,scen,,(Fictional) Which of these activities on Lantau is NOT production?,（虛構）以下邊項大嶼山嘅活動唔係 production？,a tourist eating an egg waffle|a guide explaining the history of stilt houses|a boatman taking visitors to see dolphins|a teacher teaching at a Tung Chung school,遊客食雞蛋仔|導遊講解棚屋歷史|船家載遊客睇海豚|老師喺東涌學校教書,,,A,Which one uses up a good to satisfy a want directly?,邊一項係直接用咗件貨品嚟滿足 wants？,"Guiding, boat trips and teaching are services, which are production. Eating the waffle satisfies a want directly, so it is consumption.",導遊、船程、教書都係服務，屬 production。食雞蛋仔直接滿足 wants，係 consumption。
triactiv-S4,triactiv,order,scen,,(Fictional) Put the life of a packet of Lantau tea in order:,（虛構）將一包大嶼山茶葉嘅過程排好：,,,a farmer grows and picks tea leaves|a workshop dries and packs the leaves|a shop sells the packet to a tourist for money|the tourist brews and drinks the tea at home,農夫種茶、採茶|工場將茶葉烘乾、包裝|商店將茶葉賣畀遊客收錢|遊客返屋企沖茶飲,,"Which activity must happen before goods can be sold, and which comes last?",邊個活動要喺賣之前發生？邊個係最後？,"Growing and processing are production, selling is exchange, and drinking is consumption.",種茶同加工係 production，出售係 exchange，飲茶係 consumption。
triactiv-S5,triactiv,fill,scen,,"(Fictional) A Yuen Long bakery turns flour into cakes (____), sells a cake to Mrs Ho for $50 (____), and her son eats it at home (____).",（虛構）元朗一間餅店將麵粉整成蛋糕（①），以 $50 賣一個畀何太（②），佢個仔喺屋企食咗（③）。,production|exchange|consumption|distribution,production|exchange|consumption|distribution,,,production|exchange|consumption,"Which step turns inputs into output, which is trading, and which satisfies a want directly?",邊步係將投入變成產出？邊步係交易？邊步直接滿足 wants？,"Turning inputs into output is production; trading is exchange; eating satisfies wants directly, so it is consumption.",將投入變成產出係 production；交易係 exchange；食嘢直接滿足 wants 係 consumption。
flowray-01,flowray,tf,,,"In the circular flow, households provide factor services in the factor market.",喺 circular flow，households 喺 factor market 提供 factor services。,,,,,T,In which market do workers offer their labour?,工人喺邊個市場出賣勞力？,E.g. labour and land.,例如勞力、土地。
flowray-02,flowray,tf,,,"In a simple circular flow, households' expenditure equals firms' revenue.",喺簡單 circular flow，households' expenditure 就係 firms' revenue。,,,,,T,The same money seen from two sides.,同一筆錢由兩邊睇。,It is the same money seen from both sides.,同一筆錢，由兩邊睇。
flowray-03,flowray,mc,,,A salt worker providing labour to a salt pan owner is:,鹽工向鹽田老闆提供勞力，屬於：,"real flow, in the factor market|money flow, in the product market|real flow, in the product market|money flow, in the factor market",real flow，喺 factor market|money flow，喺 product market|real flow，喺 product market|money flow，喺 factor market,,,A,Is labour goods or money? Which market?,勞力係實物定錢？喺邊個市場？,Labour is a factor service; no money is flowing.,勞力係 factor service，冇錢流動。
flowray-04,flowray,mc,,,A tourist paying for salted fish – that money is:,遊客俾錢買鹹魚，嗰筆錢係：,"money flow, in the product market|real flow, in the product market|money flow, in the factor market|real flow, in the factor market",money flow，喺 product market|real flow，喺 product market|money flow，喺 factor market|real flow，喺 factor market,,,A,Money or goods? Buying a product or a factor?,錢定實物？買嘅係產品定生產要素？,It is expenditure on goods.,買物品嘅支出。
flowray-05,flowray,fill,,,The real flow refers to the flow of factor ____ as well as ____ and services.,Real flow 係指生產要素 ① 同埋 ② 同服務嘅流動。,services|goods|income|money,服務|物品|收入|金錢,,,services|goods,The real flow is the non-money one.,Real flow 係實物嗰條。,The real flow is the 'real things' flow.,Real flow 係「實物」嗰條。
flowray-06,flowray,fill,,,The money flow refers to the flow of money ____ and money ____.,Money flow 係指貨幣 ① 同貨幣 ② 嘅流動。,income|expenditure|services|goods,收入|支出|服務|物品,,,income|expenditure,The money flow is the money one.,Money flow 係錢嗰條。,The money flow is the 'money' flow.,Money flow 係「錢」嗰條。
flowray-07,flowray,sort,,,Place the four labels on the four arrows of the circular flow:,將四個標籤放去 circular flow 圖嘅四支箭：,households→firms (factor market)|firms→households (factor market)|firms→households (product market)|households→firms (product market),住戶→廠商（生產要素市場）|廠商→住戶（生產要素市場）|廠商→住戶（產品市場）|住戶→廠商（產品市場）,factor services|factor income|goods and services|households' expenditure,生產要素服務|要素收入|物品與服務|住戶支出,1|2|3|4,"Each market has one real flow and one money flow, in opposite directions.",每個 market 一條實物、一條錢，方向相反。,Each market has a real flow and a money flow going in opposite directions.,每個 market 都有一條 real flow 同一條 money flow，方向相反。
flowray-08,flowray,mc,,,Which is a factor market transaction?,邊個屬於 factor market 嘅交易？,a stilt house owner renting the house to a shrimp paste factory as a warehouse|a tourist buying salted fish|a tourist taking a sightseeing boat|a child buying ice cream,棚屋業主將屋租俾蝦醬廠做倉|遊客買鹹魚|遊客坐觀光船|小朋友買雪糕,,,A,Who is providing a factor of production?,邊個提供緊生產要素？,Renting out a house provides a factor service (land).,租出屋即係提供 factor service（land）。
flowray-09,flowray,mc,,,A shrimp paste factory paying wages to workers is:,蝦醬工場付人工俾工人，屬於：,"money flow, in the factor market|real flow, in the factor market|money flow, in the product market|real flow, in the product market",money flow，喺 factor market|real flow，喺 factor market|money flow，喺 product market|real flow，喺 product market,,,A,Wages are payment for what?,人工係乜嘅報酬？,Wages are factor income.,人工係 factor income。
flowray-10,flowray,tf,,,The product market is a market for exchanging goods and services.,Product market 係交換物品同服務嘅市場。,,,,,T,Glossary definition.,Glossary 定義。,Glossary: a market for exchanging goods and services.,Glossary：交換物品同服務嘅市場。
flowray-11,flowray,fill,,,The factor market is a market for exchanging factor ____.,Factor market 係交換生產要素 ① 嘅市場。,services|goods|prices|rights,服務|物品|價格|權利,,,services,What do labour and land provide?,勞力、土地提供嘅係乜？,Glossary: factors or factor services.,Glossary：生產要素或要素服務。
flowray-12,flowray,sort,,,Real flow or money flow?,Real flow 定 money flow？,real flow|money flow,實質流程|貨幣流程,workers providing labour|factory paying wages|tourists paying for shrimp paste|factory supplying shrimp paste,工人提供勞力|工場付人工|遊客買蝦醬付錢|工場提供蝦醬,1|2|2|1,Is it money or real things?,係錢定係實物？,Money moving is money flow; labour and goods are real flow.,錢嘅流動係 money flow，勞力同物品係 real flow。
flowray-S1,flowray,mc,scen,,"(Fictional) Ah Yan works at a Tsim Sha Tsui hotel and receives a monthly wage of $15,000. In the circular flow, this wage is:","（虛構）阿欣喺尖沙咀一間酒店返工，每月人工 $15,000。喺 circular flow 入面，呢份人工係：",a money flow from firms to households in the factor market|a money flow from households to firms in the product market|a real flow from firms to households in the product market|a real flow from households to firms in the factor market,喺 factor market 由 firms 流去 households 嘅 money flow|喺 product market 由 households 流去 firms 嘅 money flow|喺 product market 由 firms 流去 households 嘅 real flow|喺 factor market 由 households 流去 firms 嘅 real flow,,,A,"Is a wage money or a service? Who pays it, and for what?",人工係錢定係服務？邊個俾、為咗買乜？,"Wages are factor payments: money paid by firms to households for labour services, in the factor market.",人工係 factor payment：firms 喺 factor market 俾錢畀 households，換取勞動服務。
flowray-S2,flowray,mc,scen,,"(Fictional) Mr Lee, a household member, rents his farmland in Yuen Long to a vegetable-farming firm. The use of the land that he provides is:",（虛構）李先生（household）將佢喺元朗嘅農地租畀一間種菜公司。佢提供嘅土地使用權係：,a real flow of factor services from households to firms|a money flow of factor payments from firms to households|a real flow of goods from firms to households|consumption expenditure,由 households 流去 firms 嘅 factor services real flow|由 firms 流去 households 嘅 factor payments money flow|由 firms 流去 households 嘅貨品 real flow|consumption expenditure,,,A,Is the land use a service or money? Which way does it flow?,土地使用權係服務定係錢？流向邊度？,Providing land is a factor service: a real flow from households to firms in the factor market. The rent he receives would be the money flow.,提供土地係 factor service，係喺 factor market 由 households 流去 firms 嘅 real flow。收返嘅租金先係 money flow。
flowray-S3,flowray,mc,scen,,"(Fictional) In a simple circular flow, firms pay households $500 in wages, $200 in rent, $100 in interest and $200 in profit. Households spend all their income. What is total household expenditure on goods and services?",（虛構）喺簡單 circular flow，firms 俾 households 人工 $500、租金 $200、利息 $100、利潤 $200。Households 將全部收入用晒。Households 喺貨品同服務嘅總支出係幾多？,"$1,000|$500|$800|$1,200","$1,000|$500|$800|$1,200",,,A,Add up all factor payments. Where does all that income go?,將全部 factor payments 加埋。呢啲收入最後去咗邊？,"Factor income = 500 + 200 + 100 + 200 = $1,000. In a simple circular flow households spend all income, so expenditure = firms' revenue = $1,000.","Factor income = 500 + 200 + 100 + 200 = $1,000。簡單 circular flow 入面 households 用晒收入，所以支出 = firms 收入 = $1,000。"
flowray-S4,flowray,sort,scen,,(Fictional) Factor market or product market?,（虛構）Factor market 定 product market？,factor market|product market,factor market|product market,a café in Tai O hires a waiter|a family buys a fridge in Mong Kok|a firm pays interest to a household that lent it money|a tourist buys a Ngong Ping 360 ticket|a household leases a shop space to a firm,大澳一間 café 請侍應|一家人喺旺角買雪櫃|公司俾利息畀借錢畀佢嘅 household|遊客買昂坪 360 門票|一個 household 將舖位租畀公司,1|2|1|2|1,"Is a factor service (labour, land, capital) or a final good or service being traded?",交易嘅係 factor services（勞動、土地、資本），定係貨品同服務？,The factor market exchanges factor services and factor payments; the product market exchanges goods and services.,Factor market 交換 factor services 同 factor payments；product market 交換貨品同服務。
flowray-S5,flowray,tf,scen,,"(Fictional) When a Tung Chung household buys a pair of shoes, the shoes moving from the shop to the household are a money flow.",（虛構）東涌一個 household 買一對鞋，對鞋由商店去到 household 係 money flow。,,,,,F,"Are the shoes money, or a good?",對鞋係錢，定係貨品？,Goods and services moving from firms to households form the real flow; the payment for the shoes is the money flow.,由 firms 流去 households 嘅貨品同服務屬 real flow；買鞋俾嘅錢先係 money flow。
flowray-D1,flowray,diag,diag,circular_flow,Drag each label onto the correct arrow of the circular flow diagram.,將每張標籤拖去 circular flow 圖正確嘅箭咀。,Households → firms (factor market)|Firms → households (factor market)|Firms → households (product market)|Households → firms (product market),住戶 → 廠商（factor market）|廠商 → 住戶（factor market）|廠商 → 住戶（product market）|住戶 → 廠商（product market）,factor services|factor income|goods and services|households' expenditure,生產要素服務|要素收入|物品及服務|住戶開支,1|2|3|4,"Each market has one real flow and one money flow, going in opposite directions.",每個 market 有一條實物流、一條金錢流，方向相反。,"Real flows: factor services (households → firms), goods and services (firms → households). Money flows run the opposite way: factor income and households' expenditure.",Real flow：factor services（住戶→廠商）、goods and services（廠商→住戶）；money flow 方向相反：factor income 同 households' expenditure。
flowray-D2,flowray,diag,diag,circular_flow,(Fictional) Ah Sang works in a Tai O shrimp paste factory and buys shrimp paste from it. Put each flow on the diagram.,（虛構）阿生喺大澳蝦醬廠打工，又向工廠買蝦醬。將每個流向放上圖。,Households → firms (factor market)|Firms → households (factor market)|Firms → households (product market)|Households → firms (product market),住戶 → 廠商（factor market）|廠商 → 住戶（factor market）|廠商 → 住戶（product market）|住戶 → 廠商（product market）,Ah Sang's labour|Ah Sang's $150 monthly wage|jars of shrimp paste|the $30 Ah Sang pays for shrimp paste,阿生嘅勞力|阿生每月 $150 人工|一樽樽蝦醬|阿生買蝦醬俾嘅 $30,1|2|3|4,"Is it labour, a wage, a good, or spending? Which market is it in?",係勞力、人工、物品，定係開支？喺邊個 market？,Labour is a factor service; the wage is factor income; shrimp paste is a good; the $30 is household expenditure in the product market.,勞力係 factor service；人工係 factor income；蝦醬係 goods；$30 係 product market 嘅住戶開支。
flowray-D3,flowray,diag,diag,circular_flow,(Fictional) Mr Lee rents his land in Yuen Long to a vegetable farm. Put each flow on the diagram.,（虛構）李先生將元朗塊地租俾菜場。將每個流向放上圖。,Households → firms (factor market)|Firms → households (factor market)|Firms → households (product market)|Households → firms (product market),住戶 → 廠商（factor market）|廠商 → 住戶（factor market）|廠商 → 住戶（product market）|住戶 → 廠商（product market）,the use of Mr Lee's land|rent paid to Mr Lee|vegetables sold to families|money families pay for vegetables,李先生塊地嘅使用|付俾李先生嘅租金|賣俾家庭嘅蔬菜|家庭買菜俾嘅錢,1|2|3|4,Land is a factor of production. Rent is a payment for which service?,土地係生產要素。租金係俾邊種服務嘅報酬？,The land's use is a factor service; rent is factor income; vegetables are goods; the families' payment is expenditure in the product market.,土地使用係 factor service；租金係 factor income；蔬菜係 goods；家庭俾嘅錢係 product market 開支。
normafly-01,normafly,tf,,,Positive statements can be refuted by facts.,Positive statements 可以用事實推翻。,,,,,T,Glossary definition.,Glossary 定義。,This is the glossary definition.,Glossary 定義。
normafly-02,normafly,tf,,,A sentence with numbers must be a positive statement.,有數字嘅句子一定係 positive statement。,,,,,F,"'The government should give each salt worker $1,000' – does it have a number?","「政府應該俾每個鹽工 $1,000」有冇數字？",A sentence with numbers can still be a value judgement.,有數字都可以係價值判斷。
normafly-03,normafly,mc,,,Which is a positive statement?,邊句係 positive statement？,Tai O's yellow croaker catch in 1958 was 402 piculs|The government should protect the salt pans|Tai O should develop tourism|Fishermen should change jobs,1958 年大澳黃花魚漁獲係 402 擔|政府應該保育鹽田|大澳應該發展旅遊|漁民應該轉行,,,A,Which can be checked against records?,邊句可以用紀錄核對？,It can be checked against records.,可以用紀錄核對。
normafly-04,normafly,mc,,,Which is a normative statement?,邊句係 normative statement？,The government should subsidise Tai O fishermen|A bridge across Tai O's creek was completed in 1996|A higher interest rate increases willingness to save|Competition from imported salt was fierce after WWII,政府應該資助大澳漁民|大澳一條跨河大橋喺 1996 年落成|利率上升會令儲蓄意願上升|二戰後入口鹽競爭激烈,,,A,Which is a value judgement?,邊句係價值判斷？,'Should' is usually a sign of a value judgement – but check the content.,「應該」通常係價值判斷嘅訊號，但要睇內容。
normafly-05,normafly,fill,,,Normative statements are statements about value ____. They ____ be refuted by facts.,Normative statements 係關於價值 ① 嘅陳述，② 用事實推翻。,judgements|cannot|can|facts,判斷|唔可以|可以|事實,,,judgements|cannot,Can a value judgement be refuted by facts?,價值判斷可唔可以用事實推翻？,This is the glossary definition.,Glossary 定義。
normafly-06,normafly,tf,,,A positive statement can be wrong.,一句 positive statement 可以係錯嘅。,,,,,T,Does positive mean 'correct'?,Positive 即係「啱」咩？,"Positive means it can be tested by facts, not that it is true.",Positive 即係可以用事實檢驗，唔代表一定啱。
normafly-07,normafly,sort,,,Positive or normative?,Positive 定 normative？,positive|normative,實證性|規範性,The Tai O road was built in 1969–1970|Tai O should keep its stilt houses|A higher interest rate lowers willingness to borrow|The government should give out free rice|Tai O's population began falling in the 1970s|Salt workers are pitiful and deserve subsidies,1969–1970 年興建大澳公路|大澳應該保留棚屋|利率上升，借錢意願會下降|政府應該免費派米|大澳人口喺 1970 年代開始下降|鹽工好慘，應該有補助,1|2|1|2|1|2,Ask: can facts prove it wrong?,問自己：可唔可以用事實證明佢錯？,Ask: can facts prove it wrong?,問自己：可唔可以用事實證明佢錯？
normafly-08,normafly,mc,,,'Tai O's stilt houses are the most beautiful buildings in Hong Kong.' This is:,「大澳棚屋係香港最靚嘅建築。」屬於：,a normative statement|a positive statement|both|neither,規範性陳述|實證性陳述|兩者都係|兩者都唔係,,,A,Can 'most beautiful' be refuted by facts?,「最靚」可唔可以用事實推翻？,'Most beautiful' is a value judgement and cannot be refuted by facts.,「最靚」係價值判斷，冇得用事實推翻。
normafly-09,normafly,tf,,,A normative statement must contain the word 'should'.,Normative statement 入面一定有「應該」兩個字。,,,,,F,Does 'stilt houses are the most beautiful buildings' contain 'should'?,「棚屋係最靚嘅建築」有冇「應該」？,Without 'should' it can still be a value judgement.,冇「應該」都可以係價值判斷。
normafly-10,normafly,mc,,,Which is a positive statement?,邊句係 positive statement？,Tai O's salt industry declined in the 1950s–60s|Tai O should revive salt making|Salt workers deserve sympathy|The government is not doing enough,大澳嘅鹽業喺 1950–1960 年代日漸式微|大澳應該恢復鹽業|鹽工值得同情|政府做得唔夠,,,A,Which can be checked against historical records?,邊句可以用歷史紀錄核對？,It can be checked against historical records.,可以用歷史紀錄核對。
normafly-11,normafly,fill,,,Positive statements are statements about ____. They ____ be refuted by facts.,Positive statements 係關於 ① 嘅陳述，② 用事實推翻。,facts|can|cannot|values,事實|可以|唔可以|價值,,,facts|can,The opposite of normative.,同 normative 相反。,This is the glossary definition.,Glossary 定義。
normafly-12,normafly,mc,,,'The fall in yellow croaker lowered fishermen's income.' This is:,「黃花魚減少令漁民收入下降。」屬於：,a positive statement|a normative statement|both|neither,實證性陳述|規範性陳述|兩者都係|兩者都唔係,,,A,Can it be checked with data?,可唔可以用數據驗證？,"It can be tested with data – even if it turned out false, it is still positive.",可以用數據驗證，就算最後發現唔啱，都係 positive。
normafly-S1,normafly,sort,scen,,Positive or normative statement?,Positive 定 normative statement？,positive|normative,positive|normative,Hong Kong's statutory minimum wage started on 1 May 2011.|The minimum wage is unfair to small firms.|The Hong Kong-Zhuhai-Macao Bridge opened in 2018.|The government ought to do more to protect Chinese white dolphins.|The Octopus card was launched in 1990.|Ngong Ping 360 is the best attraction for tourists.,香港法定最低工資喺 2011 年 5 月 1 日開始實施。|最低工資對細公司唔公平。|港珠澳大橋喺 2018 年開通。|政府應該做多啲嘢保護中華白海豚。|八達通喺 1990 年推出。|昂坪 360 係最好嘅旅遊景點。,1|2|1|2|1|2,"Can it be checked against facts, even if it turns out wrong?",可唔可以用事實驗證，就算最後發現係錯？,"Positive statements can be refuted by facts (the Octopus date is wrong, it was 1997, but it is still positive). Normative statements are value judgements.",Positive statement 可以用事實驗證（八達通其實係 1997 年推出，句子錯但仍係 positive）。Normative statement 係 value judgement。
normafly-S2,normafly,mc,scen,,"(Fictional) A student writes: 'Typhoon Hato flooded Tai O in 2017, so the government should build higher sea walls.' Which is correct?",（虛構）一個學生寫：「颱風天鴿喺 2017 年令大澳水浸，所以政府應該起更高嘅防波堤。」以下邊句啱？,The first part is positive; the second part is normative|The whole sentence is positive because it contains a date|The whole sentence is normative|The first part is normative; the second part is positive,前半句係 positive；後半句係 normative|成句都係 positive，因為有日期|成句都係 normative|前半句係 normative；後半句係 positive,,,A,"Which part can be checked with records, and which part is an opinion about what ought to be done?",邊部分可以查紀錄核實？邊部分係「應該點做」嘅意見？,That Hato flooded Tai O in 2017 can be verified by facts (positive). 'Should build higher sea walls' is a value judgement (normative).,天鴿 2017 年令大澳水浸可以用事實驗證（positive）；「應該起更高防波堤」係 value judgement（normative）。
normafly-S3,normafly,tf,scen,,'The MTR Tung Chung line opened in 2005' is a normative statement because it is false.,「港鐵東涌綫喺 2005 年通車」係 normative statement，因為佢係錯嘅。,,,,,F,Does being wrong change whether a statement can be tested by facts?,句子錯咗，會唔會改變佢可唔可以用事實驗證？,"It can be refuted by facts (the line opened in 1998), so it is a positive statement. A positive statement can be wrong.",佢可以被事實推翻（東涌綫 1998 年通車），所以係 positive statement。Positive statement 可以係錯嘅。
normafly-S4,normafly,mc,scen,,(Fictional) A survey finds: '70% of visitors think Tai O is the most charming village in Hong Kong.' This statement is:,（虛構）一個調查發現：「70% 遊客認為大澳係全港最有魅力嘅漁村。」呢句係：,"positive, because the survey result can be checked|normative, because it contains an opinion|normative, because it contains a percentage|neither positive nor normative",Positive，因為調查結果可以核實|Normative，因為入面有意見|Normative，因為有百分比|兩樣都唔係,,,A,"Is the statement itself judging Tai O, or reporting what visitors said?",呢句本身係評價大澳，定係報告遊客講咗乜？,"It reports a fact about people's opinions, which can be verified by checking the survey data, so it is positive.",佢係報告「遊客點諗」呢個事實，可以翻查調查數據驗證，所以係 positive。
normafly-S5,normafly,fill,scen,,"Statement A: 'In 1963, water was supplied 4 hours every 4 days in Hong Kong.' is ____. Statement B: 'Rationing was the fairest way to share water.' is ____.",陳述 A：「1963 年，香港每 4 日供水 4 小時。」係 ①。陳述 B：「制水係分配食水最公平嘅方法。」係 ②。,positive|normative|scarce|free,positive|normative|scarce|free,,,positive|normative,Which one can be checked with historical records? Which uses the value word 'fairest'?,邊句可以用歷史紀錄核實？邊句用咗「最公平」呢類價值字眼？,"A can be verified by facts, so it is positive. B is a value judgement about fairness, so it is normative.",A 可以用事實驗證，係 positive；B 係對公平與否嘅 value judgement，係 normative。
boss_fubak-01,boss_fubak,mc,,,"Grandpa chooses to keep drying salt ($120/month) instead of factory work ($180, plus $20 fares) or fishing ($150). His opportunity cost is:",阿爺揀繼續曬鹽（每月 $120），放棄工廠打工（$180，另加車費 $20）同打魚（$150），opportunity cost 係：,$180 (factory work)|$150 (fishing)|$330 (both together)|$120 (salt),$180（工廠打工）|$150（打魚）|$330（兩樣加埋）|$120（曬鹽）,,,A,"Which two are given up? Even after fares, is the factory still highest?",放棄咗邊兩樣？就算扣埋車費，工廠仲係咪最高？,"Only the highest-valued option forgone counts. Even net of fares, the factory ($160) beats fishing ($150).",只計最高價值嘅放棄選項。就算扣埋車費，工廠淨值 $160 仍然高過打魚 $150。
boss_fubak-02,boss_fubak,fill,,,"Grandpa's father spent $3,000 building the salt pans in the 1940s. That money is a ____ cost and should not affect the decision.","阿爺嘅阿爸 1940 年代起鹽田用咗 $3,000，呢筆錢係 ① cost，唔應該影響決定。",historical|money|time|full,歷史|金錢|時間|全部,,,historical,Can that money be recovered whatever he chooses today?,嗰筆錢今日點揀都拎唔拎得返？,Historical cost is not a cost.,Historical cost 唔係 cost。
boss_fubak-03,boss_fubak,mc,,,"If Grandpa chooses factory work instead, the full cost is:",如果阿爺改揀工廠打工，full cost 係：,$170|$20|$150|$200,$170|$20|$150|$200,,,A,Money cost is the fare; non-money cost is the best alternative use of his time – which is?,Money cost 係車費；non-money cost 係佢時間嘅最佳其他用途，即係邊樣？,Money cost $20 + non-money cost $150 (best alternative use of time: fishing) = $170.,Money cost $20 + non-money cost $150（時間最佳其他用途：打魚）= $170。
boss_fubak-04,boss_fubak,tf,,,"If factory pay rises to $220, Grandpa's opportunity cost of drying salt rises.",工廠人工升到 $220，阿爺繼續曬鹽嘅 opportunity cost 會上升。,,,,,T,Is the factory the highest-valued option forgone?,工廠係咪被放棄嘅最高價值選項？,"The highest-valued option forgone became more valuable, so opportunity cost rises.",被放棄嘅最高價值選項價值上升，opportunity cost 上升。
boss_fubak-05,boss_fubak,mc,,,"Grandpa wants to borrow to buy a motorised boat. If the interest rate rises, his willingness to borrow will:",阿爺想借錢買機動船出海。利率上升，佢借錢嘅意願會：,fall|rise|stay the same|cannot be determined,下降|上升|不變|無法判斷,,,A,Does the cost of earlier availability rise or fall?,提早得到資源嘅成本變高定變低？,Higher interest rate → higher cost of earlier availability → lower willingness to borrow.,利率上升 → 提早得到資源嘅成本上升 → 借錢意願下降。
boss_fubak-06,boss_fubak,sort,,,Last question: free good or economic good?,最後一題：free good 定 economic good？,free good|economic good,免費物品|經濟物品,seawater in the ocean|sun-dried salt|sunlight|salted fish,大海嘅海水|曬好嘅鹽|陽光|鹹魚,1|2|1|2,Is the quantity enough for everyone?,數量夠唔夠滿足所有人？,Seawater and sunlight are sufficient; salt and salted fish need scarce resources.,海水同陽光數量夠晒；鹽同鹹魚要用 scarce resources 生產。
boss_hoitse-01,boss_hoitse,sort,,,Which basic economic problem does each villager proposal belong to?,村民嘅提議屬於邊個基本經濟問題？,what|how|for whom,生產咩|點生產|為誰生產,switch to vegetables or oysters|by hand or by machine|share the catch by highest bid or by seniority,改種菜定養蠔|用人手定用機器|漁獲按價高者得定按輩份分,1|2|3,"What, how, or for whom?",揀緊生產咩、點生產，定係俾邊個？,"The three problems: what, how, for whom.",三個問題：生產咩、點生產、俾邊個。
boss_hoitse-02,boss_hoitse,mc,,,Cheaper imported salt made Tai O's salt industry decline. This reflects which method?,入口鹽較平，令大澳鹽業式微，反映邊種解決方法？,market mechanism|government command|customs and traditions|barter,市場機制|政府指令|習俗與傳統|以物易物,,,A,Did anyone order salt workers to stop?,有冇人下命令叫鹽工停手？,Price signals moved resources away; no one gave orders.,價格訊號令資源流走，冇人下令。
boss_hoitse-03,boss_hoitse,order,,,Put in order:,排出次序：,,,private property rights|exchange|specialisation,私有產權|交換|專門化,,Which makes which possible?,邊個令邊個成為可能？,Clear ownership → confident exchange → confident specialisation.,業權清楚 → 放心交換 → 放心專門化。
boss_hoitse-04,boss_hoitse,sort,,,Complete the circular flow:,完成 circular flow 圖：,households→firms (factor market)|firms→households (factor market)|firms→households (product market)|households→firms (product market),住戶→廠商（生產要素市場）|廠商→住戶（生產要素市場）|廠商→住戶（產品市場）|住戶→廠商（產品市場）,factor services|factor income|goods and services|households' expenditure,生產要素服務|要素收入|物品與服務|住戶支出,1|2|3|4,"Each market: one real flow, one money flow.",每個市場一條實物、一條錢。,Each market has a real flow and a money flow going in opposite directions.,每個市場都有一條 real flow 同一條 money flow，方向相反。
boss_hoitse-05,boss_hoitse,sort,,,Villagers' remarks: positive or normative?,村民講嘅說話：positive 定 normative？,positive|normative,實證性|規範性,A road into Tai O was built in 1969–1970|Salt workers should get subsidies|Tai O's population began falling in the 1970s|Stilt houses are the most beautiful buildings|Imported salt is cheaper than local salt,1969–1970 年大澳要起公路|鹽工應該有補助|大澳人口喺 1970 年代開始下降|棚屋係最靚嘅建築|入口鹽比本地鹽平,1|2|1|2|1,Can facts refute it?,可唔可以用事實推翻？,Positive can be refuted by facts; normative is a value judgement.,Positive 可以用事實推翻；normative 係價值判斷。
boss_hoitse-06,boss_hoitse,mc,,,"With fewer yellow croakers, the fish stall switches to first come first served. This is:",黃花魚少咗，魚檔改做排隊先到先得，屬於：,non-price competition|price competition|government command|exchange,非價格競爭|價格競爭|政府指令|交換,,,A,Is price the criterion?,準則係價格嗎？,"The criterion is order of arrival, not price.",準則係時間先後，唔係價格。
hard_fubak-01,hard_fubak,dse,dse,,"(Fictional) Grandpa keeps drying salt ($120/month). He gave up factory work ($180/month, $20 monthly fares) and fishing ($150/month). As Tai O's yellow croaker catch fell, fishing income drops to $100. Explain whether his opportunity cost of drying salt changes. (3 marks)",（虛構）阿爺繼續曬鹽（每月 $120），放棄咗工廠打工（每月 $180，車費每月 $20）同打魚（每月 $150）。大澳黃花魚漁獲下跌，打魚收入跌到 $100。解釋阿爺曬鹽嘅 opportunity cost 會唔會改變。（3 分）,"Opportunity cost is the value of the highest-valued option forgone when a choice is made.|Even after the $20 fares, factory work is still the highest-valued option forgone, worth more than fishing at $150 or $100.|So the fall in fishing income does not change his opportunity cost of drying salt, which is still the value of factory work.|His opportunity cost falls from $330 to $280, because both forgone options must be added together.|His opportunity cost falls, because one of the options he gave up has become less valuable.|His opportunity cost is $120, the income he earns from drying salt.|Fishing is his opportunity cost because, unlike factory work, it needs no fares.",Opportunity cost 係作出選擇時，被放棄嘅最高價值選項嘅價值。|就算扣埋 $20 車費，工廠打工仍然係被放棄嘅最高價值選項，高過打魚嘅 $150 或 $100。|所以打魚收入下跌唔會改變佢曬鹽嘅 opportunity cost，仍然係工廠打工嘅價值。|佢嘅 opportunity cost 由 $330 跌到 $280，因為兩個被放棄嘅選項要加埋一齊計。|佢嘅 opportunity cost 下降，因為其中一個被放棄嘅選項價值下跌咗。|佢嘅 opportunity cost 係 $120，即係曬鹽賺到嘅收入。|打魚先係佢嘅 opportunity cost，因為唔似工廠打工，打魚唔使俾車費。,,,1|2|3,"Which option forgone is worth the most, before and after the change?",改變之前同之後，被放棄嘅選項之中邊個價值最高？,"1 mark for the definition (highest-valued option forgone only), 1 mark for applying it (factory work is still highest), 1 mark for the conclusion (no change). Adding options together is a classic error.",定義 1 分（只計最高價值嘅放棄選項）、應用 1 分（工廠打工仍然最高）、結論 1 分（唔變）。將選項加埋一齊係典型錯誤。
hard_fubak-02,hard_fubak,dse,dse,,"(Fictional) Grandpa decides to take the factory job ($180/month, $20 monthly fares). His other options were drying salt ($120) and fishing ($150). Calculate and explain the full cost of taking the factory job. (4 marks)",（虛構）阿爺決定出市區工廠打工（每月 $180，車費每月 $20）。佢其他選擇係曬鹽（$120）同打魚（$150）。計算並解釋揀工廠打工嘅 full cost。（4 分）,"Full cost is money cost plus non-money cost.|The money cost is the $20 monthly fare he pays to get to the factory.|The non-money cost is the best alternative use of his time: fishing at $150, which is higher than salt at $120.|So the full cost of taking the factory job is $20 + $150 = $170 per month.|The non-money cost is $270, the income from salt and fishing added together.|The full cost is $200, the factory wage plus the fares.|The fare is not a cost, because the factory wage is high enough to cover it.",Full cost = money cost + non-money cost。|Money cost 係佢每月返工要俾嘅 $20 車費。|Non-money cost 係佢時間嘅最佳其他用途：打魚 $150，高過曬鹽 $120。|所以揀工廠打工嘅 full cost 係 $20 + $150 = 每月 $170。|Non-money cost 係 $270，即係曬鹽同打魚收入加埋。|Full cost 係 $200，即係工廠人工加車費。|車費唔算 cost，因為工廠人工夠高，抵銷得到。,,,1|2|3|4,"What does Grandpa pay in money, and what is the best thing he could have done with that time?",阿爺要俾咩錢？嗰段時間佢最好可以用嚟做咩？,"Marks: formula, money cost ($20), non-money cost = best alternative use of time ($150, not $120 or $270), and the $170 total. The factory wage is the benefit of the choice, not its cost.",評分：公式、money cost（$20）、non-money cost = 時間最佳其他用途（$150，唔係 $120 或 $270），同埋總數 $170。工廠人工係選擇嘅得益，唔係 cost。
hard_fubak-03,hard_fubak,dse,dse,,"(Fictional) Last month Grandpa paid $80 for new salt rakes, which cannot be resold. Now he is thinking of switching to fishing. His grandson says: 'Switching would waste the $80, so keep drying salt.' Explain whether the grandson is correct. (2 marks)",（虛構）上個月阿爺用 $80 買咗新鹽耙，呢啲鹽耙賣唔返出去。而家佢諗緊轉去打魚。個孫話：「轉行就嘥咗嗰 $80，所以繼續曬鹽啦。」解釋個孫講得啱唔啱。（2 分）,"The $80 is a historical cost: it was spent in the past and cannot be recovered whatever Grandpa chooses now.|With no choice involved, there is no cost, so the $80 should not affect his decision and the grandson is incorrect.|The $80 should be added to the cost of switching to fishing.|The $80 should be added to the cost of continuing to dry salt.|The $80 is the opportunity cost of continuing to dry salt.|The grandson is correct, because wasting resources always raises the cost of a choice.|Even if the rakes could be resold for $50, that $50 would still be a historical cost.",嗰 $80 係 historical cost：已經喺過去用咗，而家阿爺點揀都拎唔返。|冇選擇就冇 cost，所以 $80 唔應該影響佢嘅決定，個孫講得唔啱。|嗰 $80 應該加入轉去打魚嘅 cost 度。|嗰 $80 應該加入繼續曬鹽嘅 cost 度。|嗰 $80 係繼續曬鹽嘅 opportunity cost。|個孫講得啱，因為嘥資源一定會令選擇嘅 cost 上升。|就算鹽耙可以賣返 $50，嗰 $50 都仍然係 historical cost。,,,1|2,Can the $80 be recovered whichever option Grandpa picks today?,無論阿爺今日揀邊樣，嗰 $80 拎唔拎得返？,"1 mark for identifying historical cost (spent and unrecoverable), 1 mark for 'no choice, no cost' leading to the conclusion. A resale value would be recoverable, so it would be an opportunity cost, not a historical cost.",指出 historical cost（已用咗、拎唔返）1 分；「冇選擇就冇 cost」並得出結論 1 分。如果可以轉賣，轉賣價值拎得返，就係 opportunity cost，唔係 historical cost。
hard_fubak-04,hard_fubak,dse,dse,,"(Fictional) Grandpa borrows $1,000 from Uncle Wing to buy a motorised fishing boat now, and repays $1,100 one year later. Explain what the $100 interest means to each of them. (3 marks)","（虛構）阿爺向榮叔借 $1,000，即刻買一隻機動漁船，一年後還 $1,100。解釋呢 $100 interest 對佢哋兩個分別有咩意思。（3 分）","For Grandpa, the borrower, interest is the cost of earlier availability: he gets the boat now instead of after saving up.|For Uncle Wing, the lender, interest is the compensation for postponing his consumption of $1,000 for a year.|The interest rate is $100 / $1,000 = 10% per year.|For Grandpa, interest is the compensation for postponing his consumption.|For Uncle Wing, interest is the cost of earlier availability of the boat.|The interest rate is 11%, because Grandpa repays $1,100.|Once the loan is signed, the $100 interest is a historical cost to Grandpa.","對借款人阿爺嚟講，interest 係提早得到資源嘅 cost：佢而家就有船，唔使儲夠錢先買。|對貸款人榮叔嚟講，interest 係佢延遲一年使用嗰 $1,000 嘅補償。|Interest rate 係 $100 / $1,000 = 每年 10%。|對阿爺嚟講，interest 係延遲消費嘅補償。|對榮叔嚟講，interest 係提早得到漁船嘅 cost。|Interest rate 係 11%，因為阿爺要還 $1,100。|一簽咗借據，嗰 $100 interest 對阿爺嚟講就係 historical cost。",,,1|2|3,"Who enjoys the resources earlier, and who waits?",邊個提早享用資源？邊個要等？,Borrower: cost of earlier availability. Lender: compensation for postponing consumption. Rate = interest / principal. Swapping the two roles is the common mistake.,借款人：提早得到資源嘅 cost。貸款人：延遲消費嘅補償。利率 = interest / 本金。調轉兩個角色係常見錯誤。
hard_hoitse-01,hard_hoitse,dse,dse,,"(Fictional) After WWII, cheaper imported salt competed with Tai O salt. Salt pan owners turned their pans into fish ponds without any government order. Explain which basic economic problem this solves and how. (3 marks)",（虛構）二戰後，平價入口鹽同大澳鹽競爭。鹽田主喺冇政府命令之下，將鹽田改做魚塘。解釋呢件事解決緊邊個基本經濟問題，同埋點樣解決。（3 分）,"It concerns the 'what to produce' problem: whether the land produces salt or fish.|It is solved by the market mechanism: cheaper imported salt lowered the price and profit of local salt, sending a signal.|Owners, as private property owners, voluntarily moved their resources to the more profitable use, fish ponds.|It concerns the 'how to produce' problem, because the land is now used in a different way.|It concerns the 'for whom' problem, because fish ponds decide who gets to eat fish.|It is solved by command, because the decline of the salt industry forced owners to change.|It is solved by tradition, because villagers follow what their ancestors did.",呢件事關於「生產咩」（what）問題：塊地用嚟生產鹽定魚。|佢由 market mechanism 解決：入口鹽較平，令本地鹽嘅價格同利潤下跌，發出訊號。|鹽田主作為私有產權擁有人，自願將資源轉去利潤較高嘅用途，即係魚塘。|呢件事關於「點生產」（how）問題，因為塊地而家用法唔同咗。|呢件事關於「為誰生產」（for whom）問題，因為魚塘決定邊個有魚食。|佢由 command 解決，因為鹽業式微迫使鹽田主轉變。|佢由 tradition 解決，因為村民跟返祖先嘅做法。,,,1|2|3,"Is the decision about which good, which method, or who gets it? Who gave the signal?",個決定係關於生產邊樣、用咩方法，定俾邊個？邊個發出訊號？,"1 mark for the correct problem (what), 1 mark for price as the signal, 1 mark for owners responding voluntarily. Being 'forced' by prices is not command, which requires government orders.",指出正確問題（what）1 分、價格做訊號 1 分、業主自願回應 1 分。俾價格「迫」唔等於 command，command 要有政府命令。
hard_hoitse-02,hard_hoitse,dse,dse,,"(Fictional) Ah Kei owns a fishing boat and Ah Lan owns a shrimp paste workshop, both with clear ownership. Explain how private property rights enable them to specialise. (3 marks)",（虛構）阿琦擁有一隻漁船，阿蘭擁有一間蝦醬工場，兩個業權都清清楚楚。解釋 private property rights 點樣令佢哋可以 specialise。（3 分）,"Private property rights give owners the exclusive right to use, to receive income from, and to transfer their resources.|With clear ownership, Ah Kei can confidently exchange his shrimps for Ah Lan's shrimp paste or money, without fear of seizure.|Since they can rely on exchange, each specialises in one job, fishing or making shrimp paste, and trades for the rest.|Specialisation comes first; private property rights appear only after people have specialised.|Private property rights mean the government decides who may use the boat and the workshop.|Exchange only happens when money is used, so bartering shrimps for shrimp paste is not exchange.|Private property rights let owners use their property in any way, even if it harms others.",Private property rights 俾擁有人專有使用權、專有收益權同轉讓權。|業權清楚，阿琦可以放心用佢嘅銀蝦同阿蘭交換蝦醬或者錢，唔怕俾人搶。|因為可以靠交換，佢哋各自專門做一樣嘢，打魚或者整蝦醬，其餘嘅靠交換得到。|先有 specialisation，大家專門化咗之後先出現 private property rights。|Private property rights 即係由政府決定邊個可以用隻船同間工場。|用錢先算交換，所以用銀蝦換蝦醬唔算 exchange。|Private property rights 令擁有人可以任意使用財產，就算傷害到其他人都得。,,,1|2|3,What would happen to trade if anyone could take Ah Kei's catch?,如果人人都可以攞走阿琦嘅漁獲，交易會點？,"The chain is: private property rights (1 mark) → confident exchange (1 mark) → specialisation (1 mark). Barter is also exchange, and property rights are not unlimited.",因果鏈：private property rights（1 分）→ 放心 exchange（1 分）→ specialisation（1 分）。以物易物都係 exchange，而產權唔係冇限制。
hard_hoitse-03,hard_hoitse,dse,dse,,"(Fictional) Only 30 kg of yellow croaker reach Hoi Tse's stall, but buyers want 50 kg. She can either raise the price or sell to regular customers first. Explain why competition implies discrimination here and classify each method. (4 marks)",（虛構）海姐個檔只得 30 kg 黃花魚，但買家想要 50 kg。佢可以加價，或者先賣俾熟客。解釋點解呢度 competition 意味住 discrimination，並將兩個方法分類。（4 分）,"Yellow croaker is scarce: the quantity is not enough for all buyers, so they must compete for it.|Competition implies discrimination: some criterion must be used to decide who gets the fish and who does not.|Raising the price is price competition: the buyers who are willing to pay the most get the fish.|Selling to regular customers first is non-price competition: the criterion is the relationship, not the price paid.|Selling to regular customers first is price competition, because they still pay for the fish.|Discrimination only happens when the criterion is unfair, such as a buyer's race.|If Hoi Tse does not raise the price, there is no competition among buyers.",黃花魚係 scarce：數量唔夠滿足所有買家，所以佢哋要競爭。|Competition 意味住 discrimination：一定要用某個準則決定邊個有魚、邊個冇。|加價係 price competition：願意俾最多錢嘅買家得到條魚。|先賣俾熟客係 non-price competition：準則係關係，唔係俾幾多錢。|先賣俾熟客都係 price competition，因為佢哋一樣要俾錢買魚。|要準則唔公平，例如睇買家種族，先算 discrimination。|如果海姐唔加價，買家之間就冇 competition。,,,1|2|3|4,"With not enough fish for everyone, how is the winner chosen in each method?",條魚唔夠分，兩個方法分別用咩準則揀邊個得到？,"Scarcity → competition (1), competition → discrimination by a criterion (1), price as criterion = price competition (1), any other criterion = non-price competition (1). In economics, discrimination is neutral, not necessarily unfair.",Scarcity → competition（1 分）；competition → 用準則 discrimination（1 分）；以價格做準則 = price competition（1 分）；其他準則 = non-price competition（1 分）。經濟學嘅 discrimination 係中性，唔一定唔公平。
hard_hoitse-04,hard_hoitse,dse,dse,,(Fictional) Ah Sang works in a Tai O shrimp paste factory for $150 a month and spends $30 buying shrimp paste from it. Explain these four flows using the circular flow model. (4 marks),（虛構）阿生喺大澳一間蝦醬廠打工，每月人工 $150，又用 $30 向間廠買蝦醬。用 circular flow 模型解釋呢四條流向。（4 分）,"Ah Sang's labour is a real flow of factor services from households to firms in the factor market.|His $150 wage is a money flow of factor income from firms to households in the factor market.|The shrimp paste is a real flow of goods from firms to households in the product market.|His $30 is a money flow of household expenditure from households to firms in the product market.|His wage is paid in the product market, because it comes from the factory's shrimp paste sales.|His labour is a money flow, because he is paid money for it.|The shrimp paste and the $30 flow in the same direction, as both go through the product market.",阿生嘅勞力係 real flow：factor services 喺 factor market 由 households 流去 firms。|佢嘅 $150 人工係 money flow：factor income 喺 factor market 由 firms 流去 households。|蝦醬係 real flow：物品喺 product market 由 firms 流去 households。|佢嘅 $30 係 money flow：household expenditure 喺 product market 由 households 流去 firms。|佢嘅人工喺 product market 支付，因為錢嚟自間廠賣蝦醬嘅收入。|佢嘅勞力係 money flow，因為佢做嘢有錢收。|蝦醬同 $30 流向一樣，因為兩樣都經過 product market。,,,1|2|3|4,For each flow: real or money? Which market? Which direction?,每條流向：real 定 money？邊個市場？咩方向？,"1 mark per flow, each needing real or money, the correct market and the correct direction. In each market the real flow and the money flow go in opposite directions.",每條流向 1 分，要講啱 real 定 money、邊個市場同方向。每個市場入面，real flow 同 money flow 方向相反。
